-- phpMyAdmin SQL Dump
-- version 3.3.9
-- http://www.phpmyadmin.net
--
-- –•–æ—Å—Ç: localhost
-- –í—Ä–µ–º—è —Å–æ–∑–¥–∞–Ω–∏—è: –ú–∞—Ä 28 2011 –≥., 13:15
-- –í–µ—Ä—Å–∏—è —Å–µ—Ä–≤–µ—Ä–∞: 5.5.8
-- –í–µ—Ä—Å–∏—è PHP: 5.3.5

SET SQL_MODE="NO_AUTO_VALUE_ON_ZERO";


/*!40101 SET @OLD_CHARACTER_SET_CLIENT=@@CHARACTER_SET_CLIENT */;
/*!40101 SET @OLD_CHARACTER_SET_RESULTS=@@CHARACTER_SET_RESULTS */;
/*!40101 SET @OLD_COLLATION_CONNECTION=@@COLLATION_CONNECTION */;
/*!40101 SET NAMES utf8 */;

--
-- –ë–∞–∑–∞ –¥–∞–Ω–Ω—ã—Ö: `icms`
--

-- --------------------------------------------------------

--
-- –°—Ç—Ä—É–∫—Ç—É—Ä–∞ —Ç–∞–±–ª–∏—Ü—ã `cms_actions`
--

DROP TABLE IF EXISTS `cms_actions`;
CREATE TABLE `cms_actions` (
  `id` int(11) NOT NULL AUTO_INCREMENT,
  `component` varchar(20) NOT NULL,
  `name` varchar(20) NOT NULL,
  `title` varchar(100) NOT NULL,
  `message` varchar(255) NOT NULL,
  `is_tracked` tinyint(4) NOT NULL,
  `is_visible` tinyint(4) NOT NULL,
  PRIMARY KEY (`id`),
  KEY `name` (`name`,`is_visible`)
) ENGINE=MyISAM  DEFAULT CHARSET=cp1251;

--
-- –î–∞–º–ø –¥–∞–Ω–Ω—ã—Ö —Ç–∞–±–ª–∏—Ü—ã `cms_actions`
--

INSERT INTO `cms_actions` (`id`, `component`, `name`, `title`, `message`, `is_tracked`, `is_visible`) VALUES
(2, 'comments', 'add_comment', '–î–æ–±–∞–≤–ª–µ–Ω–∏–µ –∫–æ–º–º–µ–Ω—Ç–∞—Ä–∏—è', '–¥–æ–±–∞–≤–ª—è–µ—Ç %s| –Ω–∞ —Å—Ç—Ä–∞–Ω–∏—Ü–µ %s', 1, 1),
(7, 'photos', 'add_photo', '–î–æ–±–∞–≤–ª–µ–Ω–∏–µ —Ñ–æ—Ç–æ', '–¥–æ–±–∞–≤–ª—è–µ—Ç —Ñ–æ—Ç–æ %s| –≤ –∞–ª—å–±–æ–º %s', 1, 1),
(8, 'content', 'add_article', '–î–æ–±–∞–≤–ª–µ–Ω–∏–µ —Å—Ç–∞—Ç—å–∏', '–¥–æ–±–∞–≤–ª—è–µ—Ç —Å—Ç–∞—Ç—å—é %s| –≤ —Ä–∞–∑–¥–µ–ª %s', 1, 1),
(9, 'blogs', 'add_blog', '–°–æ–∑–¥–∞–Ω–∏–µ –±–ª–æ–≥–∞ –ø–æ–ª—å–∑–æ–≤–∞—Ç–µ–ª–µ–º', '—Å–æ–∑–¥–∞–µ—Ç –±–ª–æ–≥ %s|', 1, 1),
(10, 'blogs', 'add_post', '–î–æ–±–∞–≤–ª–µ–Ω–∏–µ –∑–∞–ø–∏—Å–∏ –≤ –±–ª–æ–≥', '–ø–∏—à–µ—Ç –ø–æ—Å—Ç %s| –≤ –±–ª–æ–≥–µ %s', 1, 1),
(11, 'users', 'set_status', '–?–∑–º–µ–Ω–µ–Ω–∏–µ —Å—Ç–∞—Ç—É—Å–∞ –ø–æ–ª—å–∑–æ–≤–∞—Ç–µ–ª—è', '', 1, 1),
(12, 'board', 'add_board', '–î–æ–±–∞–≤–ª–µ–Ω–∏–µ –æ–±—ä—è–≤–ª–µ–Ω–∏—è', '–¥–æ–±–∞–≤–ª—è–µ—Ç –æ–±—ä—è–≤–ª–µ–Ω–∏–µ %s| –≤ —Ä—É–±—Ä–∏–∫—É %s', 1, 1),
(13, 'catalog', 'add_catalog', '–î–æ–±–∞–≤–ª–µ–Ω–∏–µ –∑–∞–ø–∏—Å–∏ –≤ –∫–∞—Ç–∞–ª–æ–≥', '–¥–æ–±–∞–≤–ª—è–µ—Ç –∑–∞–ø–∏—Å—å %s| –≤ —Ä—É–±—Ä–∏–∫—É –∫–∞—Ç–∞–ª–æ–≥–∞ %s', 1, 1),
(14, 'clubs', 'add_club', '–°–æ–∑–¥–∞–Ω–∏–µ –∫–ª—É–±–∞', '—Å–æ–∑–¥–∞–µ—Ç –∫–ª—É–± %s|', 1, 1),
(15, 'clubs', 'add_club_user', '–í—Å—Ç—É–ø–ª–µ–Ω–∏–µ –≤ –∫–ª—É–±', '–≤—Å—Ç—É–ø–∞–µ—Ç –≤ –∫–ª—É–± %s|', 1, 1),
(16, 'faq', 'add_quest', '–í–æ–ø—Ä–æ—Å', '–∑–∞–¥–∞–µ—Ç %s| –≤ –∫–∞—Ç–µ–≥–æ—Ä–∏–∏ %s', 1, 1),
(17, 'forum', 'add_fpost', '–î–æ–±–∞–≤–ª–µ–Ω–∏–µ –ø–æ—Å—Ç–∞ –≤ —Ñ–æ—Ä—É–º–µ', '–¥–æ–±–∞–≤–ª—è–µ—Ç %s| –≤ —Ç–µ–º–µ %s', 1, 1),
(18, 'forum', 'add_thread', '–î–æ–±–∞–≤–ª–µ–Ω–∏–µ —Ç–µ–º—ã –Ω–∞ —Ñ–æ—Ä—É–º–µ', '—Å–æ–∑–¥–∞–µ—Ç —Ç–µ–º—É %s| –Ω–∞ —Ñ–æ—Ä—É–º–µ %s', 1, 1),
(19, 'users', 'add_avatar', '–ó–∞–≥—Ä—É–∑–∫–∞ –∏–ª–∏ —Å–º–µ–Ω–∞ –∞–≤–∞—Ç–∞—Ä–∞ –ø–æ–ª—å–∑–æ–≤–∞—Ç–µ–ª–µ–º', '–∏–∑–º–µ–Ω—è–µ—Ç –∞–≤–∞—Ç–∞—Ä|', 1, 1),
(20, 'users', 'add_friend', '–î–æ–±–∞–≤–ª–µ–Ω–∏–µ –¥—Ä—É–≥–∞', '–∏ %s —Å—Ç–∞–ª–∏ –¥—Ä—É–∑—å—è–º–∏|', 1, 1),
(21, 'users', 'add_award', '–ü–æ–ª—É—á–µ–Ω–∏–µ –Ω–∞–≥—Ä–∞–¥—ã –ø–æ–ª—å–∑–æ–≤–∞—Ç–µ–ª–µ–º', '–ø–æ–ª—É—á–∞–µ—Ç –Ω–∞–≥—Ä–∞–¥—É %s|', 1, 1),
(22, 'users', 'add_file', '–ó–∞–≥—Ä—É–∑–∫–∞ —Ñ–∞–π–ª–∞ –ø–æ–ª—å–∑–æ–≤–∞—Ç–µ–ª–µ–º', '–∑–∞–≥—Ä—É–∂–∞–µ—Ç —Ñ–∞–π–ª %s|', 1, 1),
(23, 'users', 'add_wall', '–î–æ–±–∞–≤–ª–µ–Ω–∏–µ –∑–∞–ø–∏—Å–∏ –Ω–∞ —Å—Ç–µ–Ω—É', '–¥–æ–±–∞–≤–ª—è–µ—Ç –∑–∞–ø–∏—Å—å –Ω–∞ —Å—Ç–µ–Ω–µ –ø–æ–ª—å–∑–æ–≤–∞—Ç–µ–ª—è %s|', 1, 1),
(24, 'clubs', 'add_wall_club', '–î–æ–±–∞–≤–ª–µ–Ω–∏–µ –∑–∞–ø–∏—Å–∏ –Ω–∞ —Å—Ç–µ–Ω—É –∫–ª—É–±–∞', '–¥–æ–±–∞–≤–ª—è–µ—Ç –∑–∞–ø–∏—Å—å –Ω–∞ —Å—Ç–µ–Ω–µ –∫–ª—É–±–∞ %s|', 1, 1),
(25, 'clubs', 'add_post_club', '–î–æ–±–∞–≤–ª–µ–Ω–∏–µ –∑–∞–ø–∏—Å–∏ –≤ –±–ª–æ–≥ –∫–ª—É–±–∞', '–ø–∏—à–µ—Ç –ø–æ—Å—Ç %s| –≤ –∫–ª—É–±–µ %s', 1, 1),
(26, 'users', 'add_user_photo', '–î–æ–±–∞–≤–ª–µ–Ω–∏–µ —Ñ–æ—Ç–æ –≤ –ª–∏—á–Ω—ã–π –∞–ª—å–±–æ–º', '–¥–æ–±–∞–≤–ª—è–µ—Ç —Ñ–æ—Ç–æ %s| –≤ –∞–ª—å–±–æ–º %s', 1, 1),
(27, 'users', 'add_user_photo_multi', '–î–æ–±–∞–≤–ª–µ–Ω–∏–µ –º–Ω–æ–≥–æ —Ñ–æ—Ç–æ–∫ –≤ –ª–∏—á–Ω—ã–π –∞–ª—å–±–æ–º', '–¥–æ–±–∞–≤–ª—è–µ—Ç %s —Ñ–æ—Ç–æ| –≤ –∞–ª—å–±–æ–º %s', 1, 1),
(28, 'registration', 'add_user', '–†–µ–≥–∏—Å—Ç—Ä–∞—Ü–∏—è –Ω–æ–≤–æ–≥–æ –ø–æ–ª—å–∑–æ–≤–∞—Ç–µ–ª—è', '—Ä–µ–≥–∏—Å—Ç—Ä–∏—Ä—É–µ—Ç—Å—è. –ü—Ä–∏–≤–µ—Ç—Å—Ç–≤—É–µ–º!|', 1, 1),
(29, 'users', 'add_wall_my', '–î–æ–±–∞–≤–ª–µ–Ω–∏–µ –∑–∞–ø–∏—Å–∏ –Ω–∞ —Å–≤–æ—é —Å—Ç–µ–Ω—É', '–ø–∏—à–µ—Ç –Ω–∞ —Å–≤–æ–µ–π —Å—Ç–µ–Ω–µ|	', 1, 1);

-- --------------------------------------------------------

--
-- –°—Ç—Ä—É–∫—Ç—É—Ä–∞ —Ç–∞–±–ª–∏—Ü—ã `cms_actions_log`
--

DROP TABLE IF EXISTS `cms_actions_log`;
CREATE TABLE `cms_actions_log` (
  `id` int(11) NOT NULL AUTO_INCREMENT,
  `action_id` int(11) NOT NULL,
  `pubdate` datetime NOT NULL,
  `user_id` int(11) NOT NULL,
  `object` varchar(100) NOT NULL,
  `object_url` varchar(255) NOT NULL,
  `object_id` int(11) NOT NULL,
  `target` varchar(100) NOT NULL,
  `target_url` varchar(255) NOT NULL,
  `target_id` int(11) NOT NULL,
  `description` varchar(650) DEFAULT NULL,
  `is_friends_only` tinyint(4) NOT NULL DEFAULT '0',
  `is_users_only` tinyint(4) NOT NULL DEFAULT '0',
  PRIMARY KEY (`id`),
  KEY `action_id` (`action_id`,`user_id`),
  KEY `object_id` (`object_id`),
  KEY `target_id` (`target_id`)
) ENGINE=MyISAM  DEFAULT CHARSET=cp1251;

--
-- –î–∞–º–ø –¥–∞–Ω–Ω—ã—Ö —Ç–∞–±–ª–∏—Ü—ã `cms_actions_log`
--

INSERT INTO `cms_actions_log` (`id`, `action_id`, `pubdate`, `user_id`, `object`, `object_url`, `object_id`, `target`, `target_url`, `target_id`, `description`, `is_friends_only`, `is_users_only`) VALUES
(2, 11, '2010-11-13 23:09:34', 2, '', '', 0, '', '', 0, 'I love InstantCMS', 0, 0),
(3, 2, '2010-11-13 23:11:00', 2, '–∫–æ–º–º–µ–Ω—Ç–∞—Ä–∏–π', '/stati/marketing/yelastichnost-sprosa.html#c13', 13, '–≠–ª–∞—Å—Ç–∏—á–Ω–æ—Å—Ç—å —Å–ø—Ä–æ—Å–∞', '/stati/marketing/yelastichnost-sprosa.html', 0, '–°–ø–∞—Å–∏–±–æ –∞–≤—Ç–æ—Ä—É –∑–∞ —Ç–∞–∫—É—é –æ—Ç–ª–∏—á–Ω—É—é —Å—Ç–∞—Ç—å—é!', 0, 0),
(4, 27, '2010-11-13 23:13:37', 1, '2', '', 0, '–ú–æ–∏ –∫–∞—Ä—Ç–∏–Ω–∫–∏', '/users/admin/photos/private5.html', 5, ' <a href="/users/1/photo6.html" class="act_photo">\r\n											<img border="0" src="/images/users/photos/small/b22c5c0f95c1fb9398578fd5e396c7dd.jpg" />\r\n									</a>  <a href="/users/1/photo7.html" class="act_photo">\r\n											<img border="0" src="/images/users/photos/small/efe8d13779cd84cfeb319d9f0875a511.jpg" />\r\n									</a> ', 0, 0),
(5, 20, '2010-11-13 23:18:39', 3, '–ê–¥–º–∏–Ω–∏—Å—Ç—Ä–∞—Ç–æ—Ä', 'http://icms/users/admin', 11, '', '', 0, '', 0, 0),
(6, 2, '2010-11-13 23:19:19', 3, '–∫–æ–º–º–µ–Ω—Ç–∞—Ä–∏–π', '/stati/marketing/yelastichnost-sprosa.html#c14', 14, '–≠–ª–∞—Å—Ç–∏—á–Ω–æ—Å—Ç—å —Å–ø—Ä–æ—Å–∞', '/stati/marketing/yelastichnost-sprosa.html', 0, '–ü–æ–ª–Ω–æ—Å—Ç—å—é —Å–æ–≥–ª–∞—Å–µ–Ω —Å –í–∞–º–∏, –∫–æ–ª–ª–µ–≥–∞.', 0, 0),
(37, 14, '2011-04-04 14:58:15', 3, '–ö–ª—É–± –¥—è–¥–∏ –§–µ–¥–æ—Ä–∞', '/clubs/15', 15, '', '', 0, '', 0, 0),
(8, 28, '2011-03-18 14:47:04', 4, '', '', 4, '', '', 0, '', 0, 0),
(9, 17, '2011-03-18 15:43:16', 1, '–ø–æ—Å—Ç', '/forum/thread-last12.html#30', 30, '–ü—Ä–∏–º–µ—Ä —Ç–µ–º—ã', '/forum/thread-last12.html', 12, '—Ç–µ—Å—Ç —Å—Å—ã–ª–æ–∫\r\n\r\n1. http://www.yandex.ru/', 0, 0),
(15, 2, '2011-03-19 14:45:17', 3, '–∫–æ–º–º–µ–Ω—Ç–∞—Ä–∏–π', '/stati/marketing/yelastichnost-sprosa.html#c20', 20, '–≠–ª–∞—Å—Ç–∏—á–Ω–æ—Å—Ç—å —Å–ø—Ä–æ—Å–∞', '/stati/marketing/yelastichnost-sprosa.html', 0, 'qwe qwe', 0, 0),
(14, 2, '2011-03-19 14:43:54', 1, '–∫–æ–º–º–µ–Ω—Ç–∞—Ä–∏–π', '/stati/marketing/yelastichnost-sprosa.html#c19', 19, '–≠–ª–∞—Å—Ç–∏—á–Ω–æ—Å—Ç—å —Å–ø—Ä–æ—Å–∞', '/stati/marketing/yelastichnost-sprosa.html', 0, '–¥–∞ —É–∂–∂...', 0, 0),
(13, 2, '2011-03-19 13:39:22', 2, '–∫–æ–º–º–µ–Ω—Ç–∞—Ä–∏–π', '/stati/marketing/yelastichnost-sprosa.html#c18', 18, '–≠–ª–∞—Å—Ç–∏—á–Ω–æ—Å—Ç—å —Å–ø—Ä–æ—Å–∞', '/stati/marketing/yelastichnost-sprosa.html', 0, '–∏—Å—á–æ –±—ã —Ç—ã –±—ã–ª –Ω–µ —Å–æ–≥–ª–∞—Å–µ–Ω!!!', 0, 0),
(16, 2, '2011-03-19 14:46:58', 3, '–∫–æ–º–º–µ–Ω—Ç–∞—Ä–∏–π', '/stati/marketing/yelastichnost-sprosa.html#c21', 21, '–≠–ª–∞—Å—Ç–∏—á–Ω–æ—Å—Ç—å —Å–ø—Ä–æ—Å–∞', '/stati/marketing/yelastichnost-sprosa.html', 0, 'wtf', 0, 0);

-- --------------------------------------------------------

--
-- –°—Ç—Ä—É–∫—Ç—É—Ä–∞ —Ç–∞–±–ª–∏—Ü—ã `cms_banlist`
--

DROP TABLE IF EXISTS `cms_banlist`;
CREATE TABLE `cms_banlist` (
  `id` int(11) NOT NULL AUTO_INCREMENT,
  `user_id` int(11) NOT NULL,
  `ip` varchar(15) NOT NULL,
  `bandate` datetime NOT NULL,
  `int_num` int(11) NOT NULL,
  `int_period` varchar(20) NOT NULL,
  `status` int(11) NOT NULL DEFAULT '1',
  `autodelete` int(11) NOT NULL,
  PRIMARY KEY (`id`)
) ENGINE=MyISAM DEFAULT CHARSET=cp1251;

--
-- –î–∞–º–ø –¥–∞–Ω–Ω—ã—Ö —Ç–∞–±–ª–∏—Ü—ã `cms_banlist`
--


-- --------------------------------------------------------

--
-- –°—Ç—Ä—É–∫—Ç—É—Ä–∞ —Ç–∞–±–ª–∏—Ü—ã `cms_banners`
--

DROP TABLE IF EXISTS `cms_banners`;
CREATE TABLE `cms_banners` (
  `id` int(11) NOT NULL AUTO_INCREMENT,
  `position` varchar(100) NOT NULL DEFAULT 'banner_top',
  `typeimg` varchar(10) NOT NULL DEFAULT 'image',
  `fileurl` varchar(250) DEFAULT NULL,
  `hits` int(11) NOT NULL,
  `clicks` int(11) NOT NULL,
  `maxhits` int(11) NOT NULL,
  `maxuser` int(11) NOT NULL,
  `user_id` int(11) NOT NULL DEFAULT '1',
  `pubdate` datetime DEFAULT NULL,
  `title` varchar(250) DEFAULT NULL,
  `link` varchar(250) DEFAULT NULL,
  `published` int(11) NOT NULL DEFAULT '1',
  PRIMARY KEY (`id`)
) ENGINE=MyISAM  DEFAULT CHARSET=cp1251;

--
-- –î–∞–º–ø –¥–∞–Ω–Ω—ã—Ö —Ç–∞–±–ª–∏—Ü—ã `cms_banners`
--

INSERT INTO `cms_banners` (`id`, `position`, `typeimg`, `fileurl`, `hits`, `clicks`, `maxhits`, `maxuser`, `user_id`, `pubdate`, `title`, `link`, `published`) VALUES
(4, 'banner1', 'image', 'banner468x60v1.gif', 0, 0, 0, 0, 1, '2009-04-04 19:43:53', 'InstantCMS - –ë–µ—Å–ø–ª–∞—Ç–Ω–∞—è —Å–∏—Å—Ç–µ–º–∞ —É–ø—Ä–∞–≤–ª–µ–Ω–∏—è —Å–∞–π—Ç–æ–º', 'http://www.instantcms.ru/', 1);

-- --------------------------------------------------------

--
-- –°—Ç—Ä—É–∫—Ç—É—Ä–∞ —Ç–∞–±–ª–∏—Ü—ã `cms_banner_hits`
--

DROP TABLE IF EXISTS `cms_banner_hits`;
CREATE TABLE `cms_banner_hits` (
  `id` int(11) NOT NULL AUTO_INCREMENT,
  `banner_id` int(11) DEFAULT NULL,
  `ip` varchar(16) DEFAULT NULL,
  `pubdate` datetime DEFAULT NULL,
  PRIMARY KEY (`id`)
) ENGINE=MyISAM DEFAULT CHARSET=cp1251;

--
-- –î–∞–º–ø –¥–∞–Ω–Ω—ã—Ö —Ç–∞–±–ª–∏—Ü—ã `cms_banner_hits`
--


-- --------------------------------------------------------

--
-- –°—Ç—Ä—É–∫—Ç—É—Ä–∞ —Ç–∞–±–ª–∏—Ü—ã `cms_blogs`
--

DROP TABLE IF EXISTS `cms_blogs`;
CREATE TABLE `cms_blogs` (
  `id` int(11) NOT NULL AUTO_INCREMENT,
  `user_id` int(11) NOT NULL,
  `title` varchar(250) NOT NULL,
  `pubdate` datetime NOT NULL,
  `allow_who` varchar(15) NOT NULL,
  `view_type` varchar(15) NOT NULL DEFAULT 'list',
  `showcats` int(11) NOT NULL DEFAULT '1',
  `ownertype` varchar(15) NOT NULL DEFAULT 'single',
  `premod` int(11) NOT NULL,
  `forall` int(11) NOT NULL DEFAULT '1',
  `owner` varchar(10) NOT NULL DEFAULT 'user',
  `seolink` varchar(255) NOT NULL,
  `rating` int(11) NOT NULL,
  PRIMARY KEY (`id`),
  KEY `seolink` (`seolink`)
) ENGINE=MyISAM  DEFAULT CHARSET=cp1251;

--
-- –î–∞–º–ø –¥–∞–Ω–Ω—ã—Ö —Ç–∞–±–ª–∏—Ü—ã `cms_blogs`
--

INSERT INTO `cms_blogs` (`id`, `user_id`, `title`, `pubdate`, `allow_who`, `view_type`, `showcats`, `ownertype`, `premod`, `forall`, `owner`, `seolink`, `rating`) VALUES
(1, 1, '–ü—Ä–∏–º–µ—Ä –±–ª–æ–≥–∞ –∞–¥–º–∏–Ω–∞', '2008-06-03 13:26:55', 'all', 'list', 1, 'single', 0, 1, 'user', 'primer-bloga-admina', 2),
(24, 14, '–ë–ª–æ–≥', '2010-10-20 00:02:41', 'all', 'list', 1, 'multi', 0, 0, 'club', 'instantcms-lovers', 0),
(25, 2, '–í–∞—Å–∏–Ω –±–ª–æ–≥', '2011-04-04 13:36:52', 'all', 'list', 1, 'single', 0, 0, 'user', 'vasin-blog', 0),
(26, 15, '–ë–ª–æ–≥ –∫–ª—É–±–∞ –ö–ª—É–± –¥—è–¥–∏ –§–µ–¥–æ—Ä–∞', '2011-04-04 14:58:15', 'all', 'list', 1, 'multi', 0, 0, 'club', 'klub-djadi-fedora', 0);

-- --------------------------------------------------------

--
-- –°—Ç—Ä—É–∫—Ç—É—Ä–∞ —Ç–∞–±–ª–∏—Ü—ã `cms_blog_authors`
--

DROP TABLE IF EXISTS `cms_blog_authors`;
CREATE TABLE `cms_blog_authors` (
  `id` int(11) NOT NULL AUTO_INCREMENT,
  `user_id` int(11) NOT NULL,
  `blog_id` int(11) NOT NULL,
  `description` varchar(100) NOT NULL,
  `startdate` datetime NOT NULL,
  PRIMARY KEY (`id`)
) ENGINE=MyISAM DEFAULT CHARSET=cp1251;

--
-- –î–∞–º–ø –¥–∞–Ω–Ω—ã—Ö —Ç–∞–±–ª–∏—Ü—ã `cms_blog_authors`
--


-- --------------------------------------------------------

--
-- –°—Ç—Ä—É–∫—Ç—É—Ä–∞ —Ç–∞–±–ª–∏—Ü—ã `cms_blog_cats`
--

DROP TABLE IF EXISTS `cms_blog_cats`;
CREATE TABLE `cms_blog_cats` (
  `id` int(11) NOT NULL AUTO_INCREMENT,
  `blog_id` int(11) NOT NULL,
  `title` varchar(250) NOT NULL,
  PRIMARY KEY (`id`)
) ENGINE=MyISAM DEFAULT CHARSET=cp1251;

--
-- –î–∞–º–ø –¥–∞–Ω–Ω—ã—Ö —Ç–∞–±–ª–∏—Ü—ã `cms_blog_cats`
--


-- --------------------------------------------------------

--
-- –°—Ç—Ä—É–∫—Ç—É—Ä–∞ —Ç–∞–±–ª–∏—Ü—ã `cms_blog_files`
--

DROP TABLE IF EXISTS `cms_blog_files`;
CREATE TABLE `cms_blog_files` (
  `id` int(11) NOT NULL AUTO_INCREMENT,
  `post_id` int(11) NOT NULL,
  `filename` varchar(200) NOT NULL,
  `filesize` int(11) NOT NULL,
  `hits` int(11) NOT NULL,
  `pubdate` datetime NOT NULL,
  PRIMARY KEY (`id`)
) ENGINE=MyISAM DEFAULT CHARSET=cp1251;

--
-- –î–∞–º–ø –¥–∞–Ω–Ω—ã—Ö —Ç–∞–±–ª–∏—Ü—ã `cms_blog_files`
--


-- --------------------------------------------------------

--
-- –°—Ç—Ä—É–∫—Ç—É—Ä–∞ —Ç–∞–±–ª–∏—Ü—ã `cms_blog_posts`
--

DROP TABLE IF EXISTS `cms_blog_posts`;
CREATE TABLE `cms_blog_posts` (
  `id` int(11) NOT NULL AUTO_INCREMENT,
  `user_id` int(11) NOT NULL,
  `cat_id` int(11) NOT NULL,
  `blog_id` int(11) NOT NULL,
  `pubdate` datetime NOT NULL,
  `title` varchar(250) NOT NULL,
  `feel` varchar(100) NOT NULL,
  `music` varchar(100) NOT NULL,
  `content` text NOT NULL,
  `content_html` text NOT NULL,
  `allow_who` varchar(20) NOT NULL,
  `edit_times` int(11) NOT NULL,
  `edit_date` datetime NOT NULL,
  `published` int(11) NOT NULL DEFAULT '1',
  `seolink` varchar(255) NOT NULL,
  `comments` tinyint(4) NOT NULL DEFAULT '1',
  PRIMARY KEY (`id`),
  KEY `seolink` (`seolink`),
  FULLTEXT KEY `content` (`content`)
) ENGINE=MyISAM  DEFAULT CHARSET=cp1251;

--
-- –î–∞–º–ø –¥–∞–Ω–Ω—ã—Ö —Ç–∞–±–ª–∏—Ü—ã `cms_blog_posts`
--

INSERT INTO `cms_blog_posts` (`id`, `user_id`, `cat_id`, `blog_id`, `pubdate`, `title`, `feel`, `music`, `content`, `content_html`, `allow_who`, `edit_times`, `edit_date`, `published`, `seolink`, `comments`) VALUES
(5, 1, 5, 1, '2009-09-07 11:50:16', '–ü—Ä–∏–º–µ—Ä –∑–∞–ø–∏—Å–∏ –≤ –±–ª–æ–≥–µ', '', '', '[b]–ë–ª–æ–≥–∏ InstantCMS - —ç—Ç–æ –º–æ—â–Ω—ã–π –∏ –Ω–∞–¥–µ–∂–Ω—ã–π –∏–Ω—Å—Ç—Ä—É–º–µ–Ω—Ç –¥–ª—è –≤–∞—à–∏—Ö –ø—É–±–ª–∏–∫–∞—Ü–∏–π:[/b]\r\n\r\n- –†–µ–¥–∞–∫—Ç–æ—Ä BB-–∫–æ–¥–∞ (—Å–∫—Ä—ã—Ç—ã–π —Ç–µ–∫—Å—Ç, —Å—Å—ã–ª–∫–∏, —Ü–∏—Ç–∞—Ç—ã, –∫–∞—Ä—Ç–∏–Ω–∫–∏);\r\n- –í—Å—Ç–∞–≤–∫–∞ –∏–∑–æ–±—Ä–∞–∂–µ–Ω–∏–π "–Ω–∞ –ª–µ—Ç—É";\r\n- –ù–µ–æ–≥—Ä–∞–Ω–∏—á–µ–Ω–Ω–æ–µ —á–∏—Å–ª–æ —Ä—É–±—Ä–∏–∫;\r\n- –ö–æ–º–º–µ–Ω—Ç–∞—Ä–∏–∏ –∫ –∑–∞–ø–∏—Å—è–º;\r\n- –í–æ–∑–º–æ–∂–Ω–æ—Å—Ç—å –≤–µ–¥–µ–Ω–∏—è –∫–æ–ª–ª–µ–∫—Ç–∏–≤–Ω—ã—Ö –±–ª–æ–≥–æ–≤;\r\n- –°–º–∞–π–ª—ã –∏ —Ç–µ–≥–∏;', '<b>–ë–ª–æ–≥–∏ InstantCMS - —ç—Ç–æ –º–æ—â–Ω—ã–π –∏ –Ω–∞–¥–µ–∂–Ω—ã–π –∏–Ω—Å—Ç—Ä—É–º–µ–Ω—Ç –¥–ª—è –≤–∞—à–∏—Ö –ø—É–±–ª–∏–∫–∞—Ü–∏–π:</b><br />\r\n<br />\r\n- –†–µ–¥–∞–∫—Ç–æ—Ä BB-–∫–æ–¥–∞ (—Å–∫—Ä—ã—Ç—ã–π —Ç–µ–∫—Å—Ç, —Å—Å—ã–ª–∫–∏, —Ü–∏—Ç–∞—Ç—ã, –∫–∞—Ä—Ç–∏–Ω–∫–∏);<br />\r\n- –í—Å—Ç–∞–≤–∫–∞ –∏–∑–æ–±—Ä–∞–∂–µ–Ω–∏–π "–Ω–∞ –ª–µ—Ç—É";<br />\r\n- –ù–µ–æ–≥—Ä–∞–Ω–∏—á–µ–Ω–Ω–æ–µ —á–∏—Å–ª–æ —Ä—É–±—Ä–∏–∫;<br />\r\n- –ö–æ–º–º–µ–Ω—Ç–∞—Ä–∏–∏ –∫ –∑–∞–ø–∏—Å—è–º;<br />\r\n- –í–æ–∑–º–æ–∂–Ω–æ—Å—Ç—å –≤–µ–¥–µ–Ω–∏—è –∫–æ–ª–ª–µ–∫—Ç–∏–≤–Ω—ã—Ö –±–ª–æ–≥–æ–≤;<br />\r\n- –°–º–∞–π–ª—ã –∏ —Ç–µ–≥–∏;', '0', 3, '2009-09-07 11:50:16', 1, 'primer-zapisi-v-bloge', 1);

-- --------------------------------------------------------

--
-- –°—Ç—Ä—É–∫—Ç—É—Ä–∞ —Ç–∞–±–ª–∏—Ü—ã `cms_board_cats`
--

DROP TABLE IF EXISTS `cms_board_cats`;
CREATE TABLE `cms_board_cats` (
  `id` int(11) NOT NULL AUTO_INCREMENT,
  `parent_id` int(11) NOT NULL,
  `ordering` int(11) NOT NULL DEFAULT '1',
  `NSLeft` int(11) NOT NULL,
  `NSRight` int(11) NOT NULL,
  `NSDiffer` varchar(15) NOT NULL,
  `NSIgnore` int(11) NOT NULL,
  `NSLevel` int(11) NOT NULL,
  `title` varchar(100) NOT NULL,
  `description` varchar(100) NOT NULL,
  `published` int(11) NOT NULL,
  `orderform` int(11) DEFAULT '1',
  `showdate` int(11) NOT NULL DEFAULT '1',
  `pubdate` datetime NOT NULL,
  `orderby` varchar(20) NOT NULL DEFAULT 'title',
  `orderto` varchar(4) NOT NULL DEFAULT 'asc',
  `public` int(11) NOT NULL,
  `perpage` int(11) NOT NULL DEFAULT '15',
  `maxcols` int(11) NOT NULL DEFAULT '1',
  `thumb1` int(11) NOT NULL DEFAULT '64',
  `thumb2` int(11) NOT NULL DEFAULT '400',
  `thumbsqr` int(11) NOT NULL,
  `uplimit` int(11) NOT NULL DEFAULT '10',
  `is_photos` int(11) NOT NULL DEFAULT '1',
  `icon` varchar(25) DEFAULT 'folder_grey.png',
  `obtypes` text NOT NULL,
  PRIMARY KEY (`id`)
) ENGINE=MyISAM  DEFAULT CHARSET=cp1251;

--
-- –î–∞–º–ø –¥–∞–Ω–Ω—ã—Ö —Ç–∞–±–ª–∏—Ü—ã `cms_board_cats`
--

INSERT INTO `cms_board_cats` (`id`, `parent_id`, `ordering`, `NSLeft`, `NSRight`, `NSDiffer`, `NSIgnore`, `NSLevel`, `title`, `description`, `published`, `orderform`, `showdate`, `pubdate`, `orderby`, `orderto`, `public`, `perpage`, `maxcols`, `thumb1`, `thumb2`, `thumbsqr`, `uplimit`, `is_photos`, `icon`, `obtypes`) VALUES
(1, 0, 1, 1, 8, '', 0, 0, '-- –ö–æ—Ä–Ω–µ–≤–∞—è —Ä—É–±—Ä–∏–∫–∞ --', '', 1, 1, 1, '2008-09-22 13:39:32', 'pubdate', 'desc', 0, 15, 1, 64, 400, 0, 10, 1, 'folder_grey.png', ''),
(10, 1, 21, 2, 3, '', 0, 1, '–£—Å–ª—É–≥–∏', '', 1, 1, 1, '2008-09-22 14:30:29', 'pubdate', 'desc', -1, 20, 1, 64, 400, 0, 10, 1, 'folder_grey.png', '–ü—Ä–µ–¥–ª–∞–≥–∞—é\r\n–¢—Ä–µ–±—É–µ—Ç—Å—è'),
(9, 1, 23, 6, 7, '', 0, 1, '–ê–≤—Ç–æ–º–æ–±–∏–ª–∏', '', 1, 1, 1, '2008-09-22 14:30:23', 'pubdate', 'desc', -1, 20, 1, 64, 400, 0, 10, 1, 'folder_grey.png', '–ö—É–ø–ª—é\r\n–ü—Ä–æ–¥–∞–º\r\n–û–±–º–µ–Ω—è—é'),
(8, 1, 22, 4, 5, '', 0, 1, '–ù–µ–¥–≤–∏–∂–∏–º–æ—Å—Ç—å', '', 1, 1, 1, '2008-09-22 14:30:00', 'pubdate', 'desc', -1, 20, 1, 64, 400, 0, 10, 1, 'folder_grey.png', '–ü—Ä–æ–¥–∞–º\r\n–ö—É–ø–ª—é\r\n–û–±–º–µ–Ω—è—é\r\n–°–¥–∞–º\r\n–°–Ω–∏–º—É');

-- --------------------------------------------------------

--
-- –°—Ç—Ä—É–∫—Ç—É—Ä–∞ —Ç–∞–±–ª–∏—Ü—ã `cms_board_items`
--

DROP TABLE IF EXISTS `cms_board_items`;
CREATE TABLE `cms_board_items` (
  `id` int(11) NOT NULL AUTO_INCREMENT,
  `category_id` int(11) NOT NULL,
  `user_id` int(11) NOT NULL,
  `obtype` varchar(50) NOT NULL,
  `title` varchar(250) NOT NULL,
  `content` text NOT NULL,
  `city` varchar(100) NOT NULL,
  `pubdate` datetime DEFAULT NULL,
  `pubdays` int(11) NOT NULL,
  `published` int(11) NOT NULL,
  `file` varchar(250) NOT NULL,
  `hits` int(11) NOT NULL,
  PRIMARY KEY (`id`),
  FULLTEXT KEY `content` (`content`)
) ENGINE=MyISAM  DEFAULT CHARSET=cp1251;

--
-- –î–∞–º–ø –¥–∞–Ω–Ω—ã—Ö —Ç–∞–±–ª–∏—Ü—ã `cms_board_items`
--

INSERT INTO `cms_board_items` (`id`, `category_id`, `user_id`, `obtype`, `title`, `content`, `city`, `pubdate`, `pubdays`, `published`, `file`, `hits`) VALUES
(4, 10, 1, '–ü—Ä–µ–¥–ª–∞–≥–∞—é', '–ü—Ä–µ–¥–ª–∞–≥–∞—é —Å–≤–æ–∏ —É—Å–ª—É–≥–∏', '–ú–æ–≥—É –≤—ã–Ω–æ—Å–∏—Ç—å –º—É—Å–æ—Ä –∏ –º—ã—Ç—å –ø–æ–ª.', '–ú–æ—Å–∫–≤–∞', '2009-10-26 14:11:18', 10, 1, '550de8a5de9b5301133a815de31be00d.jpg', 7),
(5, 9, 1, '–û–±–º–µ–Ω—è—é', '–û–±–º–µ–Ω—è—é –í–ê–ó-2107 –Ω–∞ Nissan Skyline GTR', '–ñ–µ–ª–∞—Ç–µ–ª—å–Ω–æ –Ω–æ–≤—ã–π –∏ –±–µ–∑ –¥–æ–ø–ª–∞—Ç—ã.', '–ú–æ—Å–∫–≤–∞', '2009-10-26 14:14:24', 10, 1, '931f90c50adcea1ff18177bc22d4ceac.jpg', 34),
(6, 8, 2, '–°–¥–∞–º', '–°–¥–∞–º 2-—Ö –∫–æ–º–Ω–∞—Ç–Ω—É—é –∫–≤–∞—Ä—Ç–∏—Ä—É', '–°–µ–º—å–µ –∏–∑ 2-3 —á–µ–ª–æ–≤–µ–∫', '–ú–æ—Å–∫–≤–∞', '2010-10-28 15:57:22', 10, 1, '80204e6bad519060bca9d456949158dc.jpg', 2);

-- --------------------------------------------------------

--
-- –°—Ç—Ä—É–∫—Ç—É—Ä–∞ —Ç–∞–±–ª–∏—Ü—ã `cms_cache`
--

DROP TABLE IF EXISTS `cms_cache`;
CREATE TABLE `cms_cache` (
  `id` int(11) NOT NULL AUTO_INCREMENT,
  `target` varchar(10) NOT NULL,
  `target_id` varchar(255) NOT NULL,
  `cachedate` datetime NOT NULL,
  `cachefile` varchar(80) NOT NULL,
  PRIMARY KEY (`id`)
) ENGINE=MyISAM DEFAULT CHARSET=cp1251;

--
-- –î–∞–º–ø –¥–∞–Ω–Ω—ã—Ö —Ç–∞–±–ª–∏—Ü—ã `cms_cache`
--


-- --------------------------------------------------------

--
-- –°—Ç—Ä—É–∫—Ç—É—Ä–∞ —Ç–∞–±–ª–∏—Ü—ã `cms_category`
--

DROP TABLE IF EXISTS `cms_category`;
CREATE TABLE `cms_category` (
  `id` int(11) NOT NULL AUTO_INCREMENT,
  `parent_id` int(11) DEFAULT NULL,
  `title` varchar(200) NOT NULL,
  `description` text NOT NULL,
  `published` int(11) NOT NULL,
  `showdate` int(11) NOT NULL DEFAULT '1',
  `showcomm` int(11) NOT NULL DEFAULT '1',
  `orderby` varchar(30) NOT NULL DEFAULT 'date',
  `orderto` varchar(4) NOT NULL DEFAULT 'asc',
  `modgrp_id` int(11) NOT NULL,
  `NSLeft` int(11) NOT NULL,
  `NSRight` int(11) NOT NULL,
  `NSLevel` int(11) NOT NULL,
  `NSDiffer` varchar(11) NOT NULL,
  `NSIgnore` int(11) NOT NULL,
  `ordering` int(11) NOT NULL,
  `maxcols` int(11) NOT NULL DEFAULT '1',
  `showtags` int(11) NOT NULL DEFAULT '1',
  `showrss` int(11) NOT NULL DEFAULT '1',
  `showdesc` int(11) NOT NULL,
  `is_public` int(11) NOT NULL,
  `photoalbum` text NOT NULL,
  `seolink` varchar(200) NOT NULL,
  `url` varchar(100) NOT NULL,
  `tpl` varchar(50) NOT NULL DEFAULT 'com_content_view.tpl',
  PRIMARY KEY (`id`),
  UNIQUE KEY `seolink` (`seolink`)
) ENGINE=MyISAM  DEFAULT CHARSET=cp1251;

--
-- –î–∞–º–ø –¥–∞–Ω–Ω—ã—Ö —Ç–∞–±–ª–∏—Ü—ã `cms_category`
--

INSERT INTO `cms_category` (`id`, `parent_id`, `title`, `description`, `published`, `showdate`, `showcomm`, `orderby`, `orderto`, `modgrp_id`, `NSLeft`, `NSRight`, `NSLevel`, `NSDiffer`, `NSIgnore`, `ordering`, `maxcols`, `showtags`, `showrss`, `showdesc`, `is_public`, `photoalbum`, `seolink`, `url`, `tpl`) VALUES
(1, 0, '--–ö–æ—Ä–Ω–µ–≤–æ–π —Ä–∞–∑–¥–µ–ª--', '–ö–æ—Ä–Ω–µ–≤–æ–π —Ä–∞–∑–¥–µ–ª —Å–∞–π—Ç–∞', 1, 1, 1, 'pubdate', 'asc', 0, 1, 14, 0, '', 0, 1, 1, 1, 1, 0, 0, '', '--kornevoi-razdel--', '', 'com_content_view.tpl'),
(2, 1, '–ù–æ–≤–æ—Å—Ç–∏', '', 1, 1, 1, 'pubdate', 'ASC', 0, 12, 13, 1, '', 0, 2, 1, 1, 0, 0, 0, 'a:7:{s:2:"id";i:0;s:6:"titles";i:0;s:6:"header";s:0:"";s:7:"orderby";s:5:"title";s:7:"orderto";s:4:"desc";s:7:"maxcols";i:2;s:3:"max";i:8;}', 'novosti', '', 'com_content_view.tpl'),
(6, 1, '–°—Ç–∞—Ç—å–∏', '<p>–¢–µ–∫—Å—Ç—ã —Å—Ç–∞—Ç–µ–π –ø—Ä–µ–¥–æ—Å—Ç–∞–≤–ª–µ–Ω—ã —Å–ª—É–∂–±–æ–π <a href="http://referats.yandex.ru/">–Ø–Ω–¥–µ–∫—Å.–†–µ—Ñ–µ—Ä–∞—Ç—ã</a></p>', 1, 1, 1, 'pubdate', 'ASC', 0, 2, 11, 1, '', 0, 1, 1, 1, 1, 1, 1, 'a:7:{s:2:"id";i:0;s:6:"titles";s:1:"0";s:6:"header";s:18:"–§–æ—Ç–æ–≥—Ä–∞—Ñ–∏–∏ –Ω–∞ —Ç–µ–º—É";s:7:"orderby";s:4:"hits";s:7:"orderto";s:3:"asc";s:7:"maxcols";i:2;s:3:"max";i:8;}', 'stati', '', 'com_content_view.tpl'),
(13, 6, '–ú–∞—Ä–∫–µ—Ç–∏–Ω–≥', '<p>–°—Ç–∞—Ç—å–∏ –ø–æ –º–∞—Ä–∫–µ—Ç–∏–Ω–≥—É</p>', 1, 1, 1, 'pubdate', 'DESC', 0, 7, 8, 2, '', 0, 3, 1, 1, 1, 1, 0, 'a:7:{s:2:"id";i:0;s:6:"titles";s:1:"0";s:6:"header";s:18:"–§–æ—Ç–æ–≥—Ä–∞—Ñ–∏–∏ –Ω–∞ —Ç–µ–º—É";s:7:"orderby";s:7:"pubdate";s:7:"orderto";s:4:"desc";s:7:"maxcols";i:2;s:3:"max";i:8;}', 'stati/marketing', '', 'com_content_view.tpl'),
(12, 6, '–ì–µ–æ–ª–æ–≥–∏—è', '–°—Ç–∞—Ç—å–∏ –ø–æ –≥–µ–æ–ª–æ–≥–∏–∏', 1, 1, 1, 'pubdate', 'DESC', 0, 3, 4, 2, '', 0, 1, 1, 1, 1, 1, 0, 'a:7:{s:2:"id";s:1:"0";s:6:"titles";s:1:"0";s:6:"header";s:18:"–§–æ—Ç–æ–≥—Ä–∞—Ñ–∏–∏ –Ω–∞ —Ç–µ–º—É";s:7:"orderby";s:7:"pubdate";s:7:"orderto";s:4:"desc";s:7:"maxcols";s:1:"2";s:3:"max";s:1:"8";}', 'stati/geologija', '', 'com_content_view.tpl'),
(11, 6, '–ê—Å—Ç—Ä–æ–Ω–æ–º–∏—è', '<p>–°—Ç–∞—Ç—å–∏ –ø–æ –∞—Å—Ç—Ä–æ–Ω–æ–º–∏–∏</p>', 1, 1, 1, 'pubdate', 'DESC', 0, 9, 10, 2, '', 0, 4, 1, 1, 1, 1, 1, 'a:7:{s:2:"id";i:0;s:6:"titles";i:0;s:6:"header";s:18:"–§–æ—Ç–æ–≥—Ä–∞—Ñ–∏–∏ –Ω–∞ —Ç–µ–º—É";s:7:"orderby";s:7:"pubdate";s:7:"orderto";s:4:"desc";s:7:"maxcols";i:2;s:3:"max";i:8;}', 'stati/astronomija', '', 'com_content_view.tpl'),
(14, 6, '–ü—Å–∏—Ö–æ–ª–æ–≥–∏—è', '–°—Ç–∞—Ç—å–∏ –ø–æ –ø—Å–∏—Ö–æ–ª–æ–≥–∏–∏', 1, 1, 1, 'pubdate', 'DESC', 0, 5, 6, 2, '', 0, 2, 1, 1, 1, 1, 0, 'a:7:{s:2:"id";s:1:"0";s:6:"titles";s:1:"0";s:6:"header";s:18:"–§–æ—Ç–æ–≥—Ä–∞—Ñ–∏–∏ –Ω–∞ —Ç–µ–º—É";s:7:"orderby";s:7:"pubdate";s:7:"orderto";s:4:"desc";s:7:"maxcols";s:1:"2";s:3:"max";s:1:"8";}', 'stati/psihologija', '', 'com_content_view.tpl');

-- --------------------------------------------------------

--
-- –°—Ç—Ä—É–∫—Ç—É—Ä–∞ —Ç–∞–±–ª–∏—Ü—ã `cms_clubs`
--

DROP TABLE IF EXISTS `cms_clubs`;
CREATE TABLE `cms_clubs` (
  `id` int(11) NOT NULL AUTO_INCREMENT,
  `admin_id` int(11) NOT NULL DEFAULT '1',
  `title` text NOT NULL,
  `description` longtext NOT NULL,
  `imageurl` varchar(100) NOT NULL,
  `pubdate` datetime NOT NULL,
  `clubtype` varchar(15) NOT NULL DEFAULT 'public',
  `published` int(11) NOT NULL DEFAULT '1',
  `maxsize` int(11) NOT NULL,
  `enabled_blogs` int(11) DEFAULT '1',
  `enabled_photos` int(11) DEFAULT '1',
  `rating` int(11) NOT NULL,
  `photo_premod` int(11) NOT NULL,
  `blog_premod` int(11) NOT NULL,
  `blog_min_karma` int(11) NOT NULL,
  `photo_min_karma` int(11) NOT NULL,
  `album_min_karma` int(11) NOT NULL DEFAULT '25',
  `join_min_karma` int(11) NOT NULL,
  `join_karma_limit` int(11) NOT NULL,
  `create_karma` int(11) NOT NULL,
  `is_vip` tinyint(4) NOT NULL DEFAULT '0',
  `join_cost` float NOT NULL,
  PRIMARY KEY (`id`)
) ENGINE=MyISAM  DEFAULT CHARSET=cp1251;

--
-- –î–∞–º–ø –¥–∞–Ω–Ω—ã—Ö —Ç–∞–±–ª–∏—Ü—ã `cms_clubs`
--

INSERT INTO `cms_clubs` (`id`, `admin_id`, `title`, `description`, `imageurl`, `pubdate`, `clubtype`, `published`, `maxsize`, `enabled_blogs`, `enabled_photos`, `rating`, `photo_premod`, `blog_premod`, `blog_min_karma`, `photo_min_karma`, `album_min_karma`, `join_min_karma`, `join_karma_limit`, `create_karma`, `is_vip`, `join_cost`) VALUES
(14, 1, '–ö–ª—É–± –ª—é–±–∏—Ç–µ–ª–µ–π InstantCMS', '', '', '2010-10-12 14:41:45', 'public', 1, 0, 1, 1, 35, 0, 0, 0, 0, 25, 0, 0, 0, 0, 15),
(15, 3, '–ö–ª—É–± –¥—è–¥–∏ –§–µ–¥–æ—Ä–∞', '', '', '2011-04-04 14:58:15', 'public', 1, 0, 1, 1, 0, 0, 0, 0, 0, 25, 0, 0, 0, 1, 10);

-- --------------------------------------------------------

--
-- –°—Ç—Ä—É–∫—Ç—É—Ä–∞ —Ç–∞–±–ª–∏—Ü—ã `cms_codecheck`
--

DROP TABLE IF EXISTS `cms_codecheck`;
CREATE TABLE `cms_codecheck` (
  `id` int(11) NOT NULL AUTO_INCREMENT,
  `place` varchar(200) NOT NULL,
  `code` varchar(40) NOT NULL,
  `session_id` varchar(200) NOT NULL,
  PRIMARY KEY (`id`)
) ENGINE=MyISAM DEFAULT CHARSET=cp1251;

--
-- –î–∞–º–ø –¥–∞–Ω–Ω—ã—Ö —Ç–∞–±–ª–∏—Ü—ã `cms_codecheck`
--


-- --------------------------------------------------------

--
-- –°—Ç—Ä—É–∫—Ç—É—Ä–∞ —Ç–∞–±–ª–∏—Ü—ã `cms_comments`
--

DROP TABLE IF EXISTS `cms_comments`;
CREATE TABLE `cms_comments` (
  `id` int(11) NOT NULL AUTO_INCREMENT,
  `parent_id` int(11) NOT NULL,
  `pid` int(11) NOT NULL,
  `user_id` int(11) NOT NULL,
  `target` varchar(20) NOT NULL,
  `target_id` int(11) NOT NULL,
  `guestname` varchar(200) NOT NULL,
  `content` text NOT NULL,
  `content_bbcode` text NOT NULL,
  `pubdate` datetime NOT NULL DEFAULT '0000-00-00 00:00:00',
  `published` int(11) NOT NULL DEFAULT '1',
  `is_new` int(11) NOT NULL DEFAULT '1',
  `target_title` varchar(150) NOT NULL,
  `target_link` varchar(200) NOT NULL,
  `ip` varchar(15) NOT NULL,
  PRIMARY KEY (`id`)
) ENGINE=MyISAM  DEFAULT CHARSET=cp1251;

--
-- –î–∞–º–ø –¥–∞–Ω–Ω—ã—Ö —Ç–∞–±–ª–∏—Ü—ã `cms_comments`
--

INSERT INTO `cms_comments` (`id`, `parent_id`, `pid`, `user_id`, `target`, `target_id`, `guestname`, `content`, `content_bbcode`, `pubdate`, `published`, `is_new`, `target_title`, `target_link`, `ip`) VALUES
(8, 0, 0, 1, 'article', 32, '', '–ü–∏—Ç–∞–Ω–∏–µ –ø—Ä–æ–≥–∏–±–∞ –∏—Å—Ö–æ–¥–Ω—ã–º –º–∞—Ç–µ—Ä–∏–∞–ª–æ–º, –Ω–µ—Å–º–æ—Ç—Ä—è –Ω–∞ –Ω–µ –º–µ–Ω–µ–µ –∑–Ω–∞—á–∏—Ç–µ–ª—å–Ω—É—é —Ä–∞–∑–Ω–∏—Ü—É –≤ –ø–ª–æ—Ç–Ω–æ—Å—Ç–∏ —Ç–µ–ø–ª–æ–≤–æ–≥–æ –ø–æ—Ç–æ–∫–∞, —Å–æ—Å—Ç–∞–≤–ª—è–µ—Ç –±–∏–æ—Ç–∏—Ç, —Ç–∞–∫ –∫–∞–∫ —Å–æ–≤–µ—Ä—à–µ–Ω–Ω–æ –æ–¥–Ω–æ–∑–Ω–∞—á–Ω–æ —É–∫–∞–∑—ã–≤–∞–µ—Ç –Ω–∞ —Å—É—â–µ—Å—Ç–≤–æ–≤–∞–Ω–∏–µ', '', '2010-10-13 23:45:56', 1, 1, '–ü–æ—á–µ–º—É –Ω–µ—Ä–µ–∑–∫–æ –ø–ª–∞—Ç–æ?!!!', '/content/stati/geologija/pochemu-nerezko-plato.html', ''),
(13, 0, 0, 2, 'article', 34, '', '–°–ø–∞—Å–∏–±–æ –∞–≤—Ç–æ—Ä—É –∑–∞ —Ç–∞–∫—É—é –æ—Ç–ª–∏—á–Ω—É—é —Å—Ç–∞—Ç—å—é!', '', '2010-11-13 23:11:00', 1, 1, '–≠–ª–∞—Å—Ç–∏—á–Ω–æ—Å—Ç—å —Å–ø—Ä–æ—Å–∞', '/stati/marketing/yelastichnost-sprosa.html', '127.0.0.1'),
(14, 13, 0, 3, 'article', 34, '', '–ü–æ–ª–Ω–æ—Å—Ç—å—é —Å–æ–≥–ª–∞—Å–µ–Ω —Å –í–∞–º–∏, –∫–æ–ª–ª–µ–≥–∞.', '', '2010-11-13 23:19:19', 1, 1, '–≠–ª–∞—Å—Ç–∏—á–Ω–æ—Å—Ç—å —Å–ø—Ä–æ—Å–∞', '/stati/marketing/yelastichnost-sprosa.html', '127.0.0.1'),
(21, 20, 0, 3, 'article', 34, '', 'wtf', 'wtf', '2011-03-19 14:46:58', 1, 1, '–≠–ª–∞—Å—Ç–∏—á–Ω–æ—Å—Ç—å —Å–ø—Ä–æ—Å–∞', '/stati/marketing/yelastichnost-sprosa.html', '127.0.0.1'),
(20, 18, 0, 3, 'article', 34, '', 'qwe qwe', '', '2011-03-19 14:45:17', 1, 1, '–≠–ª–∞—Å—Ç–∏—á–Ω–æ—Å—Ç—å —Å–ø—Ä–æ—Å–∞', '/stati/marketing/yelastichnost-sprosa.html', '127.0.0.1'),
(18, 14, 0, 2, 'article', 34, '', '–µ—â–µ –±—ã —Ç—ã –±—ã–ª <b>–Ω–µ —Å–æ–≥–ª–∞—Å–µ–Ω</b>!', '–µ—â–µ –±—ã —Ç—ã –±—ã–ª [b]–Ω–µ —Å–æ–≥–ª–∞—Å–µ–Ω[/b]!', '2011-03-19 13:39:22', 1, 1, '–≠–ª–∞—Å—Ç–∏—á–Ω–æ—Å—Ç—å —Å–ø—Ä–æ—Å–∞', '/stati/marketing/yelastichnost-sprosa.html', '127.0.0.1'),
(19, 18, 0, 1, 'article', 34, '', '–¥–∞ —É–∂–∂... –∏ —Å–∫–∞–∑–∞—Ç—å —Ç–æ –Ω–µ—á–µ–≥–æ', '–¥–∞ —É–∂–∂... –∏ —Å–∫–∞–∑–∞—Ç—å —Ç–æ –Ω–µ—á–µ–≥–æ', '2011-03-19 14:43:54', 1, 1, '–≠–ª–∞—Å—Ç–∏—á–Ω–æ—Å—Ç—å —Å–ø—Ä–æ—Å–∞', '/stati/marketing/yelastichnost-sprosa.html', '127.0.0.1');

-- --------------------------------------------------------

--
-- –°—Ç—Ä—É–∫—Ç—É—Ä–∞ —Ç–∞–±–ª–∏—Ü—ã `cms_comments_votes`
--

DROP TABLE IF EXISTS `cms_comments_votes`;
CREATE TABLE `cms_comments_votes` (
  `comment_id` int(11) NOT NULL,
  `comment_type` varchar(3) NOT NULL,
  `vote` smallint(6) NOT NULL,
  `user_id` int(11) NOT NULL,
  KEY `comment_id` (`comment_id`,`comment_type`)
) ENGINE=MyISAM DEFAULT CHARSET=cp1251;

--
-- –î–∞–º–ø –¥–∞–Ω–Ω—ã—Ö —Ç–∞–±–ª–∏—Ü—ã `cms_comments_votes`
--


-- --------------------------------------------------------

--
-- –°—Ç—Ä—É–∫—Ç—É—Ä–∞ —Ç–∞–±–ª–∏—Ü—ã `cms_comment_targets`
--

DROP TABLE IF EXISTS `cms_comment_targets`;
CREATE TABLE `cms_comment_targets` (
  `id` int(11) NOT NULL AUTO_INCREMENT,
  `target` varchar(32) NOT NULL,
  `component` varchar(32) NOT NULL,
  `title` varchar(100) NOT NULL,
  PRIMARY KEY (`id`),
  KEY `target` (`target`,`component`)
) ENGINE=MyISAM  DEFAULT CHARSET=cp1251;

--
-- –î–∞–º–ø –¥–∞–Ω–Ω—ã—Ö —Ç–∞–±–ª–∏—Ü—ã `cms_comment_targets`
--

INSERT INTO `cms_comment_targets` (`id`, `target`, `component`, `title`) VALUES
(1, 'article', 'content', '–°—Ç–∞—Ç—å–∏'),
(2, 'blog', 'blogs', '–ü–æ—Å—Ç—ã –±–ª–æ–≥–æ–≤'),
(3, 'palbum', 'photos', '–§–æ—Ç–æ–∞–ª—å–±–æ–º—ã'),
(4, 'photo', 'photos', '–§–æ—Ç–æ–≥—Ä–∞—Ñ–∏–∏ –≥–∞–ª–µ—Ä–µ–∏'),
(5, 'userphoto', 'users', '–§–æ—Ç–æ–≥—Ä–∞—Ñ–∏–∏ –ø–æ–ª—å–∑–æ–≤–∞—Ç–µ–ª–µ–π'),
(6, 'catalog', 'catalog', '–ó–∞–ø–∏—Å–∏ –∫–∞—Ç–∞–ª–æ–≥–∞'),
(7, 'boarditem', 'board', '–û–±—ä—è–≤–ª–µ–Ω–∏—è'),
(8, 'faq', 'faq', '–í–æ–ø—Ä–æ—Å—ã FAQ');

-- --------------------------------------------------------

--
-- –°—Ç—Ä—É–∫—Ç—É—Ä–∞ —Ç–∞–±–ª–∏—Ü—ã `cms_components`
--

DROP TABLE IF EXISTS `cms_components`;
CREATE TABLE `cms_components` (
  `id` int(11) NOT NULL AUTO_INCREMENT,
  `title` varchar(200) NOT NULL,
  `link` varchar(200) NOT NULL,
  `config` text NOT NULL,
  `internal` int(11) NOT NULL,
  `author` varchar(200) NOT NULL DEFAULT 'InstantCMS team',
  `published` int(11) NOT NULL DEFAULT '1',
  `version` varchar(6) NOT NULL DEFAULT '1.5',
  `system` int(11) NOT NULL DEFAULT '1',
  PRIMARY KEY (`id`)
) ENGINE=MyISAM  DEFAULT CHARSET=cp1251;

--
-- –î–∞–º–ø –¥–∞–Ω–Ω—ã—Ö —Ç–∞–±–ª–∏—Ü—ã `cms_components`
--

INSERT INTO `cms_components` (`id`, `title`, `link`, `config`, `internal`, `author`, `published`, `version`, `system`) VALUES
(1, '–ö–∞—Ç–∞–ª–æ–≥ —Å—Ç–∞—Ç–µ–π', 'content', '---\nreaddesc: 0\nrating: 1\nperpage: 15\npt_show: 1\npt_disp: 1\npt_hide: 1\nautokeys: 1\nimg_small_w: 100\nimg_big_w: 200\nimg_sqr: 1\nimg_users: 1\nwatermark: 1\nwatermark_only_big: 1\naf_on: 0\naf_delete: 1\naf_showlink: 1\naf_forum_id: 1\naf_hidecat_id: 2\n', 0, 'InstantCMS team', 1, '1.5', 1),
(2, '–†–µ–≥–∏—Å—Ç—Ä–∞—Ü–∏—è', 'registration', '---\nreg_type: open\ninv_count: 3\ninv_karma: 1\ninv_period: WEEK\ndefault_gid: 1\nis_on: 1\nact: 0\nsend: false\noffmsg: >\n  –†–µ–≥–∏—Å—Ç—Ä–∞—Ü–∏—è –ø—Ä–∏–æ—Å—Ç–∞–Ω–æ–≤–ª–µ–Ω–∞ –ø–æ\n  —Ç–µ—Ö–Ω–∏—á–µ—Å–∫–∏–º –ø—Ä–∏—á–∏–Ω–∞–º.\nfirst_auth_redirect: profile\nauth_redirect: profile\nname_mode: nickname\nbadnickname: |\n  –∞–¥–º–∏–Ω–∏—Å—Ç—Ä–∞—Ç–æ—Ä\n  –∞–¥–º–∏–Ω\n  qwert\n  qwerty\n  123\n  admin\n  –≤–∞—Å—è –ø—É–ø–∫–∏–Ω\nask_icq: 1\nask_birthdate: 1\nsend_greetmsg: 1\ngreetmsg: |\n  <h2>–ü—Ä–∏–≤–µ—Ç!</h2>\n  <p><span style="font-size: medium;">–ú—ã –æ—á–µ–Ω—å <span style="color: rgb(51, 153, 102);">—Ä–∞–¥—ã</span> —á—Ç–æ —Ç—ã –∑–∞—Ä–µ–≥–∏—Å—Ç—Ä–∏—Ä–æ–≤–∞–ª—Å—è!</span></p>\n', 0, 'InstantCMS team', 1, '1.5', 1),
(3, '–§–æ—Ç–æ–≥–∞–ª–µ—Ä–µ—è', 'photos', '---\nlink: 0\nsaveorig: 0\nmaxcols: 2\norderby: title\norderto: desc\nshowlat: 1\nwatermark: 1\ntumb_view: 2\ntumb_from: 1\ntumb_club: \nis_today: 1\n', 0, 'InstantCMS team', 1, '1.5', 1),
(4, '–ü—Ä–∞–π—Å-–ª–∏—Å—Ç', 'price', '---\n', 0, 'InstantCMS team', 1, '1.5', 1),
(5, '–ü–æ–∏—Å–∫', 'search', '---\nperpage: 10\ncomp: \n  - content\n  - photos\n  - price\n  - catalog\n  - forum\n  - blogs\n  - board\n', 0, 'InstantCMS team', 1, '1.5', 1),
(6, '–ö–æ–Ω—Å—Ç—Ä—É–∫—Ç–æ—Ä —Ñ–æ—Ä–º', 'forms', '---\n', 0, 'InstantCMS team', 1, '1.5', 1),
(7, '–ö–æ–º–º–µ–Ω—Ç–∞—Ä–∏–∏ –ø–æ–ª—å–∑–æ–≤–∞—Ç–µ–ª–µ–π', 'comments', '---\nemail: \ncanguests: 1\nregcap: 0\npublish: 1\nsmiles: 1\nbbcode: 1\nselfdel: 0\nsubscribe: 1\nanchors: 0\nrecode: 0\nmin_karma: 0\nmin_karma_show: 0\nmin_karma_add: 0\nperpage: 20\nj_code: 1\ncmm_ajax: 0\ncmm_ip: 1\nmax_level: 5\nedit_minutes: 1\n', 1, 'InstantCMS team', 1, '1.5', 1),
(8, '–ê—Ä—Ö–∏–≤ –º–∞—Ç–µ—Ä–∏–∞–ª–æ–≤', 'arhive', '---\n', 0, 'InstantCMS team', 1, '1.5', 1),
(9, '–£–Ω–∏–≤–µ—Ä—Å–∞–ª—å–Ω—ã–π –∫–∞—Ç–∞–ª–æ–≥', 'catalog', '---\nemail: shop@site.ru\ndelivery: |\n  –°–≤–µ–¥–µ–Ω–∏—è –æ –¥–æ—Å—Ç–∞–≤–∫–µ.\n  –≠—Ç–æ—Ç —Ç–µ–∫—Å—Ç –º–æ–∂–Ω–æ –∏–∑–º–µ–Ω–∏—Ç—å –≤ –Ω–∞—Å—Ç—Ä–æ–π–∫–∞—Ö –∫–æ–º–ø–æ–Ω–µ–Ω—Ç–∞ &quot;–£–Ω–∏–≤–µ—Ä—Å–∞–ª—å–Ω—ã–π –∫–∞—Ç–∞–ª–æ–≥&quot;.\nnotice: 1\npremod: 1\npremod_msg: 1\nis_comments: 1\nis_rss: 1\nwatermark: 1\n', 0, 'InstantCMS team', 1, '1.5', 1),
(10, '–ü—Ä–æ—Ñ–∏–ª–∏ –ø–æ–ª—å–∑–æ–≤–∞—Ç–µ–ª–µ–π', 'users', '---\nshowgroup: 1\nsw_stats: \nsw_comm: 1\nsw_search: 1\nsw_forum: 1\nsw_photo: 1\nsw_wall: 1\nsw_friends: 1\nsw_blogs: 1\nsw_clubs: 1\nsw_feed: 1\nsw_content: 1\nsw_awards: 1\nsw_board: 1\nsw_msg: 1\nsw_guest: 1\nkarmatime: 1\nkarmaint: DAY\nphotosize: 0\nwatermark: 1\nsmallw: 64\nmedw: 200\nmedh: 500\nsw_files: 1\nfilessize: 100\nfilestype: jpeg,gif,png,jpg,bmp,zip,rar,tar\nprivforms: \n  - 3\nj_code: 1\ndeltime: 6\n', 0, 'InstantCMS team', 1, '1.5', 1),
(12, '–§–æ—Ä—É–º', 'forum', '---\nis_on: 1\nkarma: 1\nis_rss: 1\npp_thread: 15\npp_forum: 15\nshowimg: 1\nimg_on: 1\nimg_max: 5\nfast_on: 1\nfast_bb: 1\nfa_on: 1\nfa_allow: -1\nfa_max: 25\nfa_ext: txt doc zip rar arj png gif jpg jpeg bmp\nfa_size: 1024\n', 0, 'InstantCMS team', 1, '1.5', 1),
(13, '–°—Ç–∞—Ç–∏—Å—Ç–∏–∫–∞ —Å–∞–π—Ç–∞', 'statistics', '---\n', 1, 'InstantCMS team', 1, '1.5', 1),
(15, '–ë–ª–æ–≥–∏', 'blogs', '---\nperpage: 10\nperpage_blog: 15\nupdate_date: 0\nupdate_seo_link: 0\nmin_karma_private: 0\nmin_karma_public: 5\nmin_karma: 1\nwatermark: 1\nimg_on: 1\nrss_all: 1\nrss_one: 1\nj_code: 1\n', 0, 'InstantCMS team', 1, '1.5', 1),
(16, '–í–æ–ø—Ä–æ—Å—ã –∏ –æ—Ç–≤–µ—Ç—ã', 'faq', '---\nguest_enabled: 1\nuser_link: 1\npublish: 0\nis_comment: 1\n', 0, 'InstantCMS team', 1, '1.5', 1),
(17, '–ë–∞–Ω–Ω–µ—Ä—ã', 'banners', '---\n', 1, 'InstantCMS team', 1, '1.5', 1),
(19, 'RSS –≥–µ–Ω–µ—Ä–∞—Ç–æ—Ä', 'rssfeed', '---\naddsite: 1\nmaxitems: 50\nicon_on: 1\nicon_url: http://icms/images/rss.png\nicon_title: InstantCMS\nicon_link: http://icms/images/rss.png\n', 1, 'InstantCMS team', 1, '1.5', 1),
(21, '–ù–∞–≥—Ä–∞–∂–¥–µ–Ω–∏–µ –ø–æ–ª—å–∑–æ–≤–∞—Ç–µ–ª–µ–π', 'autoawards', '---\n', 1, 'InstantCMS team', 1, '1.5', 1),
(22, '–î–æ—Å–∫–∞ –æ–±—ä—è–≤–ª–µ–Ω–∏–π', 'board', '---\nmaxcols: 3\nobtypes: |\n  –ü—Ä–æ–¥–∞–º\n  –ö—É–ø–ª—é\n  –û–±–º–µ–Ω—è—é\n  –ü–æ–¥–∞—Ä—é\nshowlat: \npublic: 2\nphotos: 1\nsrok: 1\npubdays: 10\nwatermark: 0\naftertime: \ncomments: 1\n', 0, 'InstantCMS team', 1, '1.5', 1),
(23, '–ö–ª—É–±—ã –ø–æ–ª—å–∑–æ–≤–∞—Ç–µ–ª–µ–π', 'clubs', '---\nseo_club: title\nenabled_blogs: 1\nenabled_photos: 1\nthumb1: 48\nthumb2: 200\nthumbsqr: 1\ncancreate: 1\nperpage: 10\ncreate_min_karma: 0\ncreate_min_rating: 0\n', 0, 'InstantCMS team', 1, '1.5', 1);

-- --------------------------------------------------------

--
-- –°—Ç—Ä—É–∫—Ç—É—Ä–∞ —Ç–∞–±–ª–∏—Ü—ã `cms_content`
--

DROP TABLE IF EXISTS `cms_content`;
CREATE TABLE `cms_content` (
  `id` int(11) NOT NULL AUTO_INCREMENT,
  `category_id` int(11) NOT NULL,
  `user_id` int(11) NOT NULL DEFAULT '1',
  `pubdate` datetime NOT NULL DEFAULT '0000-00-00 00:00:00',
  `enddate` date NOT NULL,
  `is_end` int(11) NOT NULL,
  `title` varchar(200) NOT NULL,
  `description` text NOT NULL,
  `content` longtext,
  `published` int(11) NOT NULL DEFAULT '1',
  `hits` int(11) NOT NULL,
  `meta_desc` text NOT NULL,
  `meta_keys` text NOT NULL,
  `showtitle` int(11) NOT NULL DEFAULT '1',
  `showdate` int(11) NOT NULL DEFAULT '1',
  `showlatest` int(11) NOT NULL DEFAULT '1',
  `showpath` int(11) NOT NULL DEFAULT '1',
  `ordering` int(1) NOT NULL,
  `comments` int(11) NOT NULL DEFAULT '1',
  `is_arhive` int(11) NOT NULL,
  `seolink` varchar(200) NOT NULL,
  `canrate` int(11) NOT NULL DEFAULT '1',
  `pagetitle` varchar(255) NOT NULL,
  `url` varchar(100) NOT NULL,
  `tpl` varchar(50) NOT NULL DEFAULT 'com_content_read.tpl',
  PRIMARY KEY (`id`),
  UNIQUE KEY `seolink` (`seolink`),
  FULLTEXT KEY `title` (`title`),
  FULLTEXT KEY `content` (`content`)
) ENGINE=MyISAM  DEFAULT CHARSET=cp1251;

--
-- –î–∞–º–ø –¥–∞–Ω–Ω—ã—Ö —Ç–∞–±–ª–∏—Ü—ã `cms_content`
--

INSERT INTO `cms_content` (`id`, `category_id`, `user_id`, `pubdate`, `enddate`, `is_end`, `title`, `description`, `content`, `published`, `hits`, `meta_desc`, `meta_keys`, `showtitle`, `showdate`, `showlatest`, `showpath`, `ordering`, `comments`, `is_arhive`, `seolink`, `canrate`, `pagetitle`, `url`, `tpl`) VALUES
(20, 2, 1, '2009-03-01 15:56:00', '2009-05-22', 0, '–ù–∞—à —Å–∞–π—Ç –æ—Ç–∫—Ä—ã—Ç!', '<p>–ú—ã —Ä–∞–¥—ã –ø—Ä–∏–≤–µ—Ç—Å—Ç–≤–æ–≤–∞—Ç—å –≤–∞—Å –Ω–∞ –Ω–∞—à–µ–º —Å–∞–π—Ç–µ!</p>', '<p>–ù–∞—à —Å–∞–π—Ç –æ—Ç–∫—Ä—ã—Ç –∏ –Ω–∞—á–∏–Ω–∞–µ—Ç –∞–∫—Ç–∏–≤–Ω–æ —Ñ—É–Ω—Ü–∏–æ–Ω–∏—Ä–æ–≤–∞—Ç—å.</p>\r\n<p>–£ –Ω–∞—Å –±–æ–ª—å—à–∏–µ –ø–ª–∞–Ω—ã –Ω–∞ –±—É–¥—É—â–µ–µ. –ù–∞ —ç—Ç–æ–º —Å–∞–π—Ç–µ –º—ã –ø–æ—Å—Ç–∞—Ä–∞–ª–∏—Å—å —Ä–∞–∑–º–µ—Å—Ç–∏—Ç—å –∏–Ω—Ç–µ—Ä–µ—Å–Ω—É—é –∏–Ω—Ñ–æ—Ä–º–∞—Ü–∏—é.</p>\r\n<p>–ú—ã –æ—á–µ–Ω—å —Ä–∞–¥—ã —á—Ç–æ –≤—ã —á–∏—Ç–∞–µ—Ç–µ —ç—Ç—É –Ω–æ–≤–æ—Å—Ç—å.</p>\r\n<p>–ù–∞—à–∞ –∫–æ–º–ø–∞–Ω–∏—è –∑–∞–Ω–∏–º–∞–µ—Ç—Å—è –±–∏–∑–Ω–µ—Å–æ–º –≤ —Å—Ñ–µ—Ä–µ –ø—Ä–æ–¥–∞–∂–∏ —Å—Ç—Ä–æ–∏—Ç–µ–ª—å–Ω—ã—Ö –º–∞—Ç–µ—Ä–∏–∞–ª–æ–≤.</p>', 1, 397, '', '', 1, 1, 1, 1, 1, 1, 0, 'novosti/nash-sait-otkryt', 1, '', '', 'com_content_read.tpl'),
(26, 2, 1, '2009-03-01 15:56:00', '2009-05-22', 0, '–¢–µ—Å—Ç–æ–≤–∞—è –Ω–æ–≤–æ—Å—Ç—å —Å–∞–π—Ç–∞', '<p>–≠—Ç–æ —Ç–µ—Å—Ç–æ–≤–∞—è –Ω–æ–≤–æ—Å—Ç—å. –ü–æ–ª—å–∑–æ–≤–∞—Ç–µ–ª–∏ –º–æ–≥—É—Ç –µ–µ –∫–æ–º–º–µ–Ω—Ç–∏—Ä–æ–≤–∞—Ç—å.</p>', '<p>–ì–ª—É–±–∏–Ω–∞ –æ—á–∞–≥–∞ –∑–µ–º–ª–µ—Ç—Ä—è—Å–µ–Ω–∏—è –ø–æ–¥–Ω–∏–º–∞–µ—Ç —Ç–µ—Ä–º–æ–∫–∞—Ä—Å—Ç, —á—Ç–æ –æ–±—É—Å–ª–æ–≤–ª–µ–Ω–æ –Ω–µ —Ç–æ–ª—å–∫–æ –ø–µ—Ä–≤–∏—á–Ω—ã–º–∏ –Ω–µ—Ä–æ–≤–Ω–æ—Å—Ç—è–º–∏ —ç—Ä–æ–∑–∏–æ–Ω–Ω–æ-—Ç–µ–∫—Ç–æ–Ω–∏—á–µ—Å–∫–æ–≥–æ —Ä–µ–ª—å–µ—Ñ–∞ –ø–æ–≤–µ—Ä—Ö–Ω–æ—Å—Ç–∏ –∫—Ä–∏—Å—Ç–∞–ª–ª–∏—á–µ—Å–∫–∏—Ö –ø–æ—Ä–æ–¥, –Ω–æ –∏ –ø—Ä–æ—è–≤–ª–µ–Ω–∏—è–º–∏ –¥–æ–ª–µ–µ –ø–æ–∑–¥–Ω–µ–π –±–ª–æ–∫–æ–≤–æ–π —Ç–µ–∫—Ç–æ–Ω–∏–∫–∏. –¢—É—Ñ—Ñ–∏—Ç, —Ñ–æ—Ä–º–∏—Ä—É—è –∞–Ω–æ–º–∞–ª—å–Ω—ã–µ –≥–µ–æ—Ö–∏–º–∏—á–µ—Å–∫–∏–µ —Ä—è–¥—ã, —Ä–∞–∑–æ–≥—Ä–µ–≤–∞–µ—Ç –ø–ª–µ–π—Å—Ç–æ—Ü–µ–Ω, —á—Ç–æ, –æ–¥–Ω–∞–∫–æ, –Ω–µ —É–Ω–∏—á—Ç–æ–∂–∏–ª–æ –¥–æ–ª–µ–¥–Ω–∏–∫–æ–≤—É—é –ø–µ—Ä–µ—É–≥–ª—É–±–ª–µ–Ω–Ω—É—é –≥–∏–¥—Ä–æ—Å–µ—Ç—å –¥—Ä–µ–≤–Ω–∏—Ö –¥–æ–ª–∏–Ω. –?–∑–ª–æ–º –±–ª–∞–≥–æ–ø—Ä–∏—è—Ç–Ω–æ –ø–æ–∫—Ä—ã–≤–∞–µ—Ç —Ç—Ä–æ–≥, –≤ —Å–æ–æ—Ç–≤–µ—Ç—Å—Ç–≤–∏–∏ —Å –∏–∑–º–µ–Ω–µ–Ω–∏—è–º–∏ –≤ —Å—É–º–º–∞—Ä–Ω–æ–π –º–∏–Ω–µ—Ä–∞–ª–∏–∑–∞—Ü–∏–∏. –¢–æ–ø–∞–∑ –∑–∞–Ω–∏–º–∞–µ—Ç —Ñ–æ—Ä—à–æ–∫, –∑–∞ —Å—á–µ—Ç —á–µ–≥–æ —É–≤–µ–ª–∏—á–∏–≤–∞–µ—Ç—Å—è –º–æ—â–Ω–æ—Å—Ç—å –∫–æ—Ä—ã –ø–æ–¥ –º–Ω–æ–≥–∏–º–∏ —Ö—Ä–µ–±—Ç–∞–º–∏. –õ–µ–¥–Ω–∏–∫–æ–≤–æ–µ –æ–∑–µ—Ä–æ —Å–¥–≤–∏–≥–∞–µ—Ç —Å–µ–ª—å, —á—Ç–æ –≤ –∫–æ–Ω—Ü–µ –∫–æ–Ω—Ü–æ–≤ –ø—Ä–∏–≤–µ–¥–µ—Ç –∫ –ø–æ–ª–Ω–æ–º—É —Ä–∞–∑—Ä—É—à–µ–Ω–∏—é —Ö—Ä–µ–±—Ç–∞ –ø–æ–¥ –¥–µ–π—Å—Ç–≤–∏–µ–º —Å–æ–±—Å—Ç–≤–µ–Ω–Ω–æ–≥–æ –≤–µ—Å–∞. –ü—Ä–∏ –æ–ø–∏—Å–∞–Ω–Ω—ã—Ö —É—Å–ª–æ–≤–∏—è—Ö –∞–ª–º–∞–∑ –ø–µ—Ä–≤–∏—á–µ–Ω.</p>', 1, 279, '', '', 1, 1, 1, 1, 2, 1, 0, 'novosti/testovaja-novost-saita', 1, '', '', 'com_content_read.tpl'),
(30, 11, 1, '0000-00-00 00:00:00', '2009-06-17', 0, '–ü–µ—Ä–≤–æ–Ω–∞—á–∞–ª—å–Ω—ã–π –Ω—É–ª–µ–≤–æ–π –º–µ—Ä–∏–¥–∏–∞–Ω', '<p><strong>–í—Å–µ –∏–∑–≤–µ—Å—Ç–Ω—ã–µ –∞—Å—Ç–µ—Ä–æ–∏–¥—ã –∏–º–µ—é—Ç –ø—Ä—è–º–æ–µ –¥–≤–∏–∂–µ–Ω–∏–µ</strong>, –ø—Ä–∏ —ç—Ç–æ–º —Ç—Ä–æ–ø–∏—á–µ—Å–∫–∏–π –≥–æ–¥ –º–µ–Ω—è–µ—Ç —Å–∞—Ä–æ—Å &ndash; —É —Ç–∞–∫–∏—Ö –æ–±—ä–µ–∫—Ç–æ–≤ —Ä—É–∫–∞–≤–∞ —Å—Ç–æ–ª—å —Ñ—Ä–∞–≥–º–µ–Ω—Ç–∞—Ä–Ω—ã –∏ –æ–±—Ä—ã–≤–æ—á–Ω—ã, —á—Ç–æ –∏—Ö —É–∂–µ –Ω–µ–ª—å–∑—è –Ω–∞–∑–≤–∞—Ç—å —Å–ø–∏—Ä–∞–ª—å–Ω—ã–º–∏. –ö–∞–∫ –±—ã–ª–æ –ø–æ–∫–∞–∑–∞–Ω–æ –≤—ã—à–µ, –º–µ–∂–∑–≤–µ–∑–¥–Ω–∞—è –º–∞—Ç–µp–∏—è –¥–∞–µ—Ç p–∞–¥–∏–æ—Ç–µ–ª–µ—Å–∫–æ–ø –ú–∞–∫—Å–≤–µ–ª–ª–∞, –ø—Ä–∏ —ç—Ç–æ–º –ø–ª–æ—Ç–Ω–æ—Å—Ç—å –í—Å–µ–ª–µ–Ω–Ω–æ–π –≤ 3 * 10 –≤ 18-–π —Å—Ç–µ–ø–µ–Ω–∏ —Ä–∞–∑ –º–µ–Ω—å—à–µ, —Å —É—á–µ—Ç–æ–º –Ω–µ–∫–æ—Ç–æ—Ä–æ–π –Ω–µ–∏–∑–≤–µ—Å—Ç–Ω–æ–π –¥–æ–±–∞–≤–∫–∏ —Å–∫—Ä—ã—Ç–æ–π –º–∞—Å—Å—ã. –üp–æ—Ç–æ–ø–ª–∞–Ω–µ—Ç–Ω–æ–µ –æ–±–ª–∞–∫–æ –ø—Ä–∏—Ç—è–≥–∏–≤–∞–µ—Ç –Ω–µ–ø—Ä–µ–ª–æ–∂–Ω—ã–π —á–∞—Å–æ–≤–æ–π —É–≥–æ–ª (–¥–∞—Ç–∏—Ä–æ–≤–∫–∞ –ø—Ä–∏–≤–µ–¥–µ–Ω–∞ –ø–æ –ü–µ—Ç–∞–≤–∏—É—Å—É, –¶–µ—Ö—É, –•–∞–π—Å—É).</p>', '<p>–ö–æ–≥–¥–∞ —Ä–µ—á—å –∏–¥–µ—Ç –æ –≥–∞–ª–∞–∫—Ç–∏–∫–∞—Ö, –ø—Ä–∏—Ä–æ–¥–∞ –≥–∞–º–º–∞-–≤—Å–ø–ª–µ–∫—Å–æ–≤ –≤—ã–∑—ã–≤–∞–µ—Ç –∞—Ä–≥—É–º–µ–Ω—Ç –ø–µ—Ä–∏–≥–µ–ª–∏—è, —Ö–æ—Ç—è –≥–∞–ª–∞–∫—Ç–∏–∫—É –≤ —Å–æ–∑–≤–µ–∑–¥–∏–∏ –î—Ä–∞–∫–æ–Ω–∞ –º–æ–∂–Ω–æ –Ω–∞–∑–≤–∞—Ç—å –∫–∞—Ä–ª–∏–∫–æ–≤–æ–π. –•–æ—Ç—è —Öp–æ–Ω–æ–ª–æ–≥–∏ –Ω–µ —É–≤–µp–µ–Ω—ã, –∏–º –∫–∞–∂–µ—Ç—Å—è, —á—Ç–æ —Ç—Ä–æ–ø–∏—á–µ—Å–∫–∏–π –≥–æ–¥ —Ç–æ—á–Ω–æ –≤—Ä–∞—â–∞–µ—Ç –ø–µ—Ä–≤–æ–Ω–∞—á–∞–ª—å–Ω—ã–π –∞—Å—Ç–µ—Ä–æ–∏–¥, –¥–µ–Ω—å —ç—Ç–æ—Ç –ø—Ä–∏—à–µ–ª—Å—è –Ω–∞ –¥–≤–∞–¥—Ü–∞—Ç—å —à–µ—Å—Ç–æ–µ —á–∏—Å–ª–æ –º–µ—Å—è—Ü–∞ –∫–∞—Ä–Ω–µ—è, –∫–æ—Ç–æ—Ä—ã–π —É –∞—Ñ–∏–Ω—è–Ω –Ω–∞–∑—ã–≤–∞–µ—Ç—Å—è –º–µ—Ç–∞–≥–∏—Ç–Ω–∏–æ–Ω–æ–º.<br />\r\n<br />\r\n–õ–∏—Å–∏—á–∫–∞ –Ω–∞ —Å–ª–µ–¥—É—é—â–∏–π –≥–æ–¥, –∫–æ–≥–¥–∞ –±—ã–ª–æ –ª—É–Ω–Ω–æ–µ –∑–∞—Ç–º–µ–Ω–∏–µ –∏ —Å–≥–æ—Ä–µ–ª –¥—Ä–µ–≤–Ω–∏–π —Ö—Ä–∞–º –ê—Ñ–∏–Ω—ã –≤ –ê—Ñ–∏–Ω–∞—Ö (–ø—Ä–∏ —ç—Ñ–æ—Ä–µ –ü–∏—Ç–∏–∏ –∏ –∞—Ñ–∏–Ω—Å–∫–æ–º –∞—Ä—Ö–æ–Ω—Ç–µ –ö–∞–ª–ª–∏–∏), –≥–∞—Å–∏—Ç —Å–ª—É—á–∞–π–Ω—ã–π –ø–æ–ø–µ—Ä–µ—á–Ω–∏–∫, —Ö–æ—Ç—è –≥–∞–ª–∞–∫—Ç–∏–∫—É –≤ —Å–æ–∑–≤–µ–∑–¥–∏–∏ –î—Ä–∞–∫–æ–Ω–∞ –º–æ–∂–Ω–æ –Ω–∞–∑–≤–∞—Ç—å –∫–∞—Ä–ª–∏–∫–æ–≤–æ–π. –í –æ—Ç–ª–∏—á–∏–µ –æ—Ç –ø—ã–ª–µ–≤–æ–≥–æ –∏ –∏–æ–Ω–Ω–æ–≥–æ —Ö–≤–æ—Å—Ç–æ–≤, –º–∞–≥–Ω–∏—Ç–Ω–æ–µ –ø–æ–ª–µ —Å—Ç–∞–±–∏–ª—å–Ω–æ. –ü—Ä—è–º–æ–µ –≤–æ—Å—Ö–æ–∂–¥–µ–Ω–∏–µ –Ω–∞ —Å–ª–µ–¥—É—é—â–∏–π –≥–æ–¥, –∫–æ–≥–¥–∞ –±—ã–ª–æ –ª—É–Ω–Ω–æ–µ –∑–∞—Ç–º–µ–Ω–∏–µ –∏ —Å–≥–æ—Ä–µ–ª –¥—Ä–µ–≤–Ω–∏–π —Ö—Ä–∞–º –ê—Ñ–∏–Ω—ã –≤ –ê—Ñ–∏–Ω–∞—Ö (–ø—Ä–∏ —ç—Ñ–æ—Ä–µ –ü–∏—Ç–∏–∏ –∏ –∞—Ñ–∏–Ω—Å–∫–æ–º –∞—Ä—Ö–æ–Ω—Ç–µ –ö–∞–ª–ª–∏–∏), –ø–æ—Ç–µ–Ω—Ü–∏–∞–ª—å–Ω–æ. –®–∏—Ä–æ—Ç–∞ —Å—É—â–µ—Å—Ç–≤–µ–Ω–Ω–æ –ø—Ä–∏—Ç—è–≥–∏–≤–∞–µ—Ç –Ω–µ–ø—Ä–µ–ª–æ–∂–Ω—ã–π –Ω–∞–¥–∏—Ä, —Ç–µ–º –Ω–µ –º–µ–Ω–µ–µ, –î–æ–Ω –ï–º–∞–Ω—Å –≤–∫–ª—é—á–∏–ª –≤ —Å–ø–∏—Å–æ–∫ –≤—Å–µ–≥–æ 82-–µ –í–µ–ª–∏–∫–∏–µ –ö–æ–º–µ—Ç—ã. –£—Ä–∞–≤–Ω–µ–Ω–∏–µ –≤—Ä–µ–º–µ–Ω–∏, —Å–ª–µ–¥—É—è –ø–∏–æ–Ω–µ—Ä—Å–∫–æ–π —Ä–∞–±–æ—Ç–µ –≠–¥–≤–∏–Ω–∞ –•–∞–±–±–ª–∞, –≤—ã–∑—ã–≤–∞–µ—Ç –¥–∞–ª–µ–∫–∏–π p–∞–¥–∏–æ—Ç–µ–ª–µ—Å–∫–æ–ø –ú–∞–∫—Å–≤–µ–ª–ª–∞, –ø—Ä–∏ —ç—Ç–æ–º –ø–ª–æ—Ç–Ω–æ—Å—Ç—å –í—Å–µ–ª–µ–Ω–Ω–æ–π –≤ 3 * 10 –≤ 18-–π —Å—Ç–µ–ø–µ–Ω–∏ —Ä–∞–∑ –º–µ–Ω—å—à–µ, —Å —É—á–µ—Ç–æ–º –Ω–µ–∫–æ—Ç–æ—Ä–æ–π –Ω–µ–∏–∑–≤–µ—Å—Ç–Ω–æ–π –¥–æ–±–∞–≤–∫–∏ —Å–∫—Ä—ã—Ç–æ–π –º–∞—Å—Å—ã.<br />\r\n<br />\r\n–°–∫–æp–æ—Å—Ç—å –∫–æ–º–µ—Ç—ã –≤ –ø–µp–∏–≥–µ–ª–∏–∏ –∏–ª–ª—é—Å—Ç—Ä–∏—Ä—É–µ—Ç –∞—Å—Ç–µ—Ä–æ–∏–¥, –∞ –æ—Ü–µ–Ω–∏—Ç—å –ø—Ä–æ–Ω–∏—Ü–∞—Ç–µ–ª—å–Ω—É—é —Å–ø–æ—Å–æ–±–Ω–æ—Å—Ç—å –≤–∞—à–µ–≥–æ —Ç–µ–ª–µ—Å–∫–æ–ø–∞ –ø–æ–º–æ–∂–µ—Ç —Å–ª–µ–¥—É—é—â–∞—è —Ñ–æ—Ä–º—É–ª–∞: M–ø—Ä.= 2,5lg D–º–º + 2,5lg –ì–∫—Ä–∞—Ç + 4. –ü–æ–ª–Ω–æ–ª—É–Ω–∏–µ –ø—Ä–æ—Å—Ç—Ä–∞–Ω—Å—Ç–≤–µ–Ω–Ω–æ –Ω–µ–æ–¥–Ω–æ—Ä–æ–¥–Ω–æ. –≠—Ç–æ –º–æ–∂–Ω–æ –∑–∞–ø–∏—Å–∞—Ç—å —Å–ª–µ–¥—É—é—â–∏–º –æ–±—Ä–∞–∑–æ–º: V = 29.8 * sqrt(2/r &ndash; 1/a) –∫–º/—Å–µ–∫, –≥–¥–µ –∏–æ–Ω–Ω—ã–π —Ö–≤–æ—Å—Ç –æ–¥–Ω–æ—Ä–æ–¥–Ω–æ –∏–ª–ª—é—Å—Ç—Ä–∏—Ä—É–µ—Ç —Ä–∞–¥–∏–∞–Ω—Ç, –ø—Ä–∏ —ç—Ç–æ–º –ø–ª–æ—Ç–Ω–æ—Å—Ç—å –í—Å–µ–ª–µ–Ω–Ω–æ–π –≤ 3 * 10 –≤ 18-–π —Å—Ç–µ–ø–µ–Ω–∏ —Ä–∞–∑ –º–µ–Ω—å—à–µ, —Å —É—á–µ—Ç–æ–º –Ω–µ–∫–æ—Ç–æ—Ä–æ–π –Ω–µ–∏–∑–≤–µ—Å—Ç–Ω–æ–π –¥–æ–±–∞–≤–∫–∏ —Å–∫—Ä—ã—Ç–æ–π –º–∞—Å—Å—ã. –ê–∑–∏–º—É—Ç —Å–ª–æ–∂–µ–Ω. –ú–∞–≥–Ω–∏—Ç–Ω–æ–µ –ø–æ–ª–µ –Ω–µ–ø—Ä–µ—Ä—ã–≤–Ω–æ.</p>', 1, 68, '', '', 1, 1, 1, 1, 1, 1, 0, 'stati/astronomija/pervonachalnyi-nulevoi-meridian', 1, '–ü–µ—Ä–≤–æ–Ω–∞—á–∞–ª—å–Ω—ã–π –Ω—É–ª–µ–≤–æ–π –º–µ—Ä–∏–¥–∏–∞–Ω', '', 'com_content_read.tpl'),
(31, 12, 1, '2009-05-20 16:24:00', '2009-05-20', 0, '–û—Å—Ç–∞–Ω—Ü–æ–≤—ã–π –ª–∞–∫–∫–æ–ª–∏—Ç: –æ—Å–Ω–æ–≤–Ω—ã–µ –º–æ–º–µ–Ω—Ç—ã', '<p>–î–≤–æ–π–Ω–æ–µ –ª—É—á–µ–ø—Ä–µ–ª–æ–º–ª–µ–Ω–∏–µ, —Å —É—á–µ—Ç–æ–º —Ä–µ–≥–∏–æ–Ω–∞–ª—å–Ω—ã—Ö —Ñ–∞–∫—Ç–æ—Ä–æ–≤, –ø–æ–∫—Ä—ã–≤–∞–µ—Ç –º–æ–Ω—Ç–º–æ—Ä–∏–ª–ª–æ–Ω–∏—Ç, –≤ —Ç–æ –≤—Ä–µ–º—è –∫–∞–∫ –∑–Ω–∞—á–µ–Ω–∏—è –º–∞–∫—Å–∏–º—É–º–æ–≤ –∏–∑–º–µ–Ω—è—é—Ç—Å—è –≤ —à–∏—Ä–æ–∫–∏—Ö –ø—Ä–µ–¥–µ–ª–∞—Ö. –ê–ª–º–∞–∑ —ç—Ñ—Ñ–µ–∫—Ç–∏–≤–Ω–æ —Å–æ—Å—Ç–∞–≤–ª—è–µ—Ç —ç—Ñ—Ñ—É–∑–∏–≤–Ω—ã–π –±–ª–µ—Å–∫, –≤ —Å–æ–æ—Ç–≤–µ—Ç—Å—Ç–≤–∏–∏ —Å –∏–∑–º–µ–Ω–µ–Ω–∏—è–º–∏ –≤ —Å—É–º–º–∞—Ä–Ω–æ–π –º–∏–Ω–µ—Ä–∞–ª–∏–∑–∞—Ü–∏–∏. –?–Ω—Ñ–ª—é–∞—Ü–∏—è —Å—Ç—Ä—É–∫—Ç—É—Ä–Ω–æ –æ—Å–ª–∞–±–ª—è–µ—Ç –ø–∞—Ä–∞–≥–µ–Ω–µ–∑–∏—Å, –æ–±—Ä–∞–∑—É—è –Ω–∞ –≥—Ä–∞–Ω–∏—Ü–µ —Å –ó–∞–ø–∞–¥–Ω–æ-–ö–∞—Ä–µ–ª—å—Å–∫–∏–º –ø–æ–¥–Ω—è—Ç–∏–µ–º —Å–≤–æ–µ–æ–±—Ä–∞–∑–Ω—É—é —Å–∏—Å—Ç–µ–º—É –≥—Ä–∞–±–µ–Ω–æ–≤. –ì–ª—É–±–∏–Ω–∞ –æ—á–∞–≥–∞ –∑–µ–º–ª–µ—Ç—Ä—è—Å–µ–Ω–∏—è, —Ä–∞–∑–¥–µ–ª–µ–Ω–Ω—ã–µ —É–∑–∫–∏–º–∏ –ª–∏–Ω–µ–π–Ω–æ–≤—ã—Ç—è–Ω—É—Ç—ã–º–∏ –∑–æ–Ω–∞–º–∏ –≤—ã–≤–µ—Ç—Ä–µ–ª—ã—Ö –ø–æ—Ä–æ–¥, –ø—Ä–∏—á–ª–µ–Ω—è–µ—Ç –∫ —Å–µ–±–µ –∫–∞—É—Å—Ç–æ–±–∏–æ–ª–∏—Ç, —á—Ç–æ –≤ –æ–±—â–µ–º —Å–≤–∏–¥–µ—Ç–µ–ª—å—Å—Ç–≤—É–µ—Ç –æ –ø—Ä–µ–æ–±–ª–∞–¥–∞–Ω–∏–∏ —Ç–µ–∫—Ç–æ–Ω–∏—á–µ—Å–∫–∏—Ö –æ–ø—É—Å–∫–∞–Ω–∏–π –≤ —ç—Ç–æ –≤—Ä–µ–º—è.</p>', '<p>–û—Ç—Ç–∞–∏–≤–∞–Ω–∏–µ –ø–æ—Ä–æ–¥ –æ–±—Ä—ã–≤–∏—Å—Ç–æ –ø—Ä–µ–∫—Ä–∞—â–∞–µ—Ç —Ñ–∏—Ä–Ω, –ø–æ—Å–∫–æ–ª—å–∫—É –Ω–µ–ø–æ—Å—Ä–µ–¥—Å—Ç–≤–µ–Ω–Ω–æ –º–∞–Ω—Ç–∏–π–Ω—ã–µ —Å—Ç—Ä—É–∏ –Ω–µ –Ω–∞–±–ª—é–¥–∞—é—Ç—Å—è. –ö–∞–ø–∏–ª–ª—è—Ä–Ω–æ–µ –ø–æ–¥–Ω—è—Ç–∏–µ –∏–Ω—Ç–µ–Ω—Å–∏–≤–Ω–æ. –≠–ª—é–≤–∏–∞–ª—å–Ω–æ–µ –æ–±—Ä–∞–∑–æ–≤–∞–Ω–∏–µ –æ–ø—Ä–µ–¥–µ–ª—è–µ—Ç –Ω–µ—Å–æ–≤–µ—Ä—à–µ–Ω–Ω—ã–π —Ç—Ä–æ–≥, —á—Ç–æ —Å–≤–∏–¥–µ—Ç–µ–ª—å—Å—Ç–≤—É–µ—Ç –æ –ø—Ä–æ–Ω–∏–∫–Ω–æ–≤–µ–Ω–∏–∏ –¥–Ω–µ–ø—Ä–æ–≤—Å–∫–∏—Ö –ª—å–¥–æ–≤ –≤ –±–∞—Å—Å–µ–π–Ω –î–æ–Ω–∞. –°–¥–≤–∏–≥ —Å–∏–Ω–≥–æ–Ω–∞–ª—å–Ω–æ —Ñ–æ—Å—Å–∏–ª–∏–∑–∏—Ä—É–µ—Ç –¥–µ–Ω—É–¥–∞—Ü–∏–æ–Ω–Ω–æ-–∞–∫–∫—É–º—É–ª—è—Ç–∏–≤–Ω—ã–π –∞–ø–æ—Ñ–∏–∑, —á—Ç–æ –≤ –∫–æ–Ω—Ü–µ –∫–æ–Ω—Ü–æ–≤ –ø—Ä–∏–≤–µ–¥–µ—Ç –∫ –ø–æ–ª–Ω–æ–º—É —Ä–∞–∑—Ä—É—à–µ–Ω–∏—é —Ö—Ä–µ–±—Ç–∞ –ø–æ–¥ –¥–µ–π—Å—Ç–≤–∏–µ–º —Å–æ–±—Å—Ç–≤–µ–Ω–Ω–æ–≥–æ –≤–µ—Å–∞. –ê–ø–æ—Ñ–∏–∑ –¥–∏—Å–∫—Ä–µ—Ç–Ω–æ –ø–µ—Ä–µ–æ—Ç–∫–ª–∞–¥—ã–≤–∞–µ—Ç –∏–π–æ–ª–∏—Ç-—É—Ä—Ç–∏—Ç, —á—Ç–æ, –æ–¥–Ω–∞–∫–æ, –Ω–µ —É–Ω–∏—á—Ç–æ–∂–∏–ª–æ –¥–æ–ª–µ–¥–Ω–∏–∫–æ–≤—É—é –ø–µ—Ä–µ—É–≥–ª—É–±–ª–µ–Ω–Ω—É—é –≥–∏–¥—Ä–æ—Å–µ—Ç—å –¥—Ä–µ–≤–Ω–∏—Ö –¥–æ–ª–∏–Ω.</p>\r\n<p>–†–∏—Å—á–æ—Ä—Ä–∏—Ç —Ä–∞–∑–æ–≥—Ä–µ–≤–∞–µ—Ç —Ü–æ–∫–æ–ª—å–Ω—ã–π —Ç—É—Ñ—Ñ–∏—Ç, —á—Ç–æ, –æ–¥–Ω–∞–∫–æ, –Ω–µ —É–Ω–∏—á—Ç–æ–∂–∏–ª–æ –¥–æ–ª–µ–¥–Ω–∏–∫–æ–≤—É—é –ø–µ—Ä–µ—É–≥–ª—É–±–ª–µ–Ω–Ω—É—é –≥–∏–¥—Ä–æ—Å–µ—Ç—å –¥—Ä–µ–≤–Ω–∏—Ö –¥–æ–ª–∏–Ω. –ì–µ–æ—Å–∏–Ω–∫–ª–∏–Ω–∞–ª—å –æ–±–µ–¥–Ω—è–µ—Ç –∞–Ω–æ—Ä—Ç–∏—Ç, –æ—Å–Ω–æ–≤–Ω—ã–º–∏ —ç–ª–µ–º–µ–Ω—Ç–∞–º–∏ –∫–æ—Ç–æ—Ä–æ–≥–æ —è–≤–ª—è—é—Ç—Å—è –æ–±—à–∏—Ä–Ω—ã–µ –ø–ª–æ—Å–∫–æ–≤–µ—Ä—à–∏–Ω–Ω—ã–µ –∏ –ø–æ–ª–æ–≥–æ–≤–æ–ª–Ω–∏—Å—Ç—ã–µ –≤–æ–∑–≤—ã—à–µ–Ω–Ω–æ—Å—Ç–∏. –õ–æ–∂–µ, —Ç–∞–∫ –∂–µ, –∫–∞–∫ –∏ –≤ –¥—Ä—É–≥–∏—Ö —Ä–µ–≥–∏–æ–Ω–∞—Ö, –∏–Ω–¥–∏–≤–∏–¥—É–∞–ª—å–Ω–æ. –ë—Ä–µ–∫—á–∏—è –æ–ø—É—Å–∫–∞–µ—Ç –ø–∏—Ä–æ–∫–ª–∞—Å—Ç–∏—á–µ—Å–∫–∏–π –±–µ–Ω—Ç–æ—Å, —á—Ç–æ, –æ–¥–Ω–∞–∫–æ, –Ω–µ —É–Ω–∏—á—Ç–æ–∂–∏–ª–æ –¥–æ–ª–µ–¥–Ω–∏–∫–æ–≤—É—é –ø–µ—Ä–µ—É–≥–ª—É–±–ª–µ–Ω–Ω—É—é –≥–∏–¥—Ä–æ—Å–µ—Ç—å –¥—Ä–µ–≤–Ω–∏—Ö –¥–æ–ª–∏–Ω. –õ–æ–∂–µ —Å–∏–Ω–≥–æ–Ω–∞–ª—å–Ω–æ –ø—Ä–µ–∫—Ä–∞—â–∞–µ—Ç –º–æ–ª–æ–≥–æ-—à–µ–∫—Å–Ω–∏–Ω—Å–∫–∏–π –æ—Ä—Ç–æ–∫–ª–∞–∑, –æ—Å–Ω–æ–≤–Ω—ã–º–∏ —ç–ª–µ–º–µ–Ω—Ç–∞–º–∏ –∫–æ—Ç–æ—Ä–æ–≥–æ —è–≤–ª—è—é—Ç—Å—è –æ–±—à–∏—Ä–Ω—ã–µ –ø–ª–æ—Å–∫–æ–≤–µ—Ä—à–∏–Ω–Ω—ã–µ –∏ –ø–æ–ª–æ–≥–æ–≤–æ–ª–Ω–∏—Å—Ç—ã–µ –≤–æ–∑–≤—ã—à–µ–Ω–Ω–æ—Å—Ç–∏. –í —Ç–∏–ø–æ–ª–æ–≥–∏—á–µ—Å–∫–æ–º –ø–ª–∞–Ω–µ –≤—Å—è —Ç–µ—Ä—Ä–∏—Ç–æ—Ä–∏—è –ù–µ—á–µ—Ä–Ω–æ–∑–µ–º—å—è –≤—ã–≤–µ—Ç—Ä–∏–≤–∞–Ω–∏–µ –ø–æ–¥–Ω–∏–º–∞–µ—Ç —Å–µ–ª—å, –æ–±—Ä–∞–∑—É—è –Ω–∞ –≥—Ä–∞–Ω–∏—Ü–µ —Å –ó–∞–ø–∞–¥–Ω–æ-–ö–∞—Ä–µ–ª—å—Å–∫–∏–º –ø–æ–¥–Ω—è—Ç–∏–µ–º —Å–≤–æ–µ–æ–±—Ä–∞–∑–Ω—É—é —Å–∏—Å—Ç–µ–º—É –≥—Ä–∞–±–µ–Ω–æ–≤.</p>', 1, 66, '–û—Å—Ç–∞–Ω—Ü–æ–≤—ã–π –ª–∞–∫–∫–æ–ª–∏—Ç: –æ—Å–Ω–æ–≤–Ω—ã–µ –º–æ–º–µ–Ω—Ç—ã', '–ø–µ—Ä–µ—É–≥–ª—É–±–ª–µ–Ω–Ω—É—é, –≥–∏–¥—Ä–æ—Å–µ—Ç—å, –¥–æ–ª–∏–Ω, –¥–æ–ª–µ–¥–Ω–∏–∫–æ–≤—É—é, –¥—Ä–µ–≤–Ω–∏—Ö, —É–Ω–∏—á—Ç–æ–∂–∏–ª–æ, –æ–¥–Ω–∞–∫–æ, –æ–±—à–∏—Ä–Ω—ã–µ, –ø–ª–æ—Å–∫–æ–≤–µ—Ä—à–∏–Ω–Ω—ã–µ, –ø–æ–ª–æ–≥–æ–≤–æ–ª–Ω–∏—Å—Ç—ã–µ, –≤–æ–∑–≤—ã—à–µ–Ω–Ω–æ—Å—Ç–∏, —è–≤–ª—è—é—Ç—Å—è, —ç–ª–µ–º–µ–Ω—Ç–∞–º–∏, –∞–ø–æ—Ñ–∏–∑, –ø—Ä–µ–∫—Ä–∞—â–∞–µ—Ç, —Å–∏–Ω–≥–æ–Ω–∞–ª—å–Ω–æ, –æ—Å–Ω–æ–≤–Ω—ã–º–∏, –∫–æ—Ç–æ—Ä–æ–≥–æ, —É–Ω–∏—á—Ç–æ–∂–∏–ª–æ –¥–æ–ª–µ–¥–Ω–∏–∫–æ–≤—É—é, –¥—Ä–µ–≤–Ω–∏—Ö –¥–æ–ª–∏–Ω, –≥–∏–¥—Ä–æ—Å–µ—Ç—å –¥—Ä–µ–≤–Ω–∏—Ö, –ø–µ—Ä–µ—É–≥–ª—É–±–ª–µ–Ω–Ω—É—é –≥–∏–¥—Ä–æ—Å–µ—Ç—å, –¥–æ–ª–µ–¥–Ω–∏–∫–æ–≤—É—é –ø–µ—Ä–µ—É–≥–ª—É–±–ª–µ–Ω–Ω—É—é, –æ–±—à–∏—Ä–Ω—ã–µ –ø–ª–æ—Å–∫–æ–≤–µ—Ä—à–∏–Ω–Ω—ã–µ, –ø–æ–ª–æ–≥–æ–≤–æ–ª–Ω–∏—Å—Ç—ã–µ –≤–æ–∑–≤—ã—à–µ–Ω–Ω–æ—Å—Ç–∏, —è–≤–ª—è—é—Ç—Å—è –æ–±—à–∏—Ä–Ω—ã–µ, –æ—Å–Ω–æ–≤–Ω—ã–º–∏ —ç–ª–µ–º–µ–Ω—Ç–∞–º–∏, —ç–ª–µ–º–µ–Ω—Ç–∞–º–∏ –∫–æ—Ç–æ—Ä–æ–≥–æ, –∫–æ—Ç–æ—Ä–æ–≥–æ —è–≤–ª—è—é—Ç—Å—è, —É–Ω–∏—á—Ç–æ–∂–∏–ª–æ –¥–æ–ª–µ–¥–Ω–∏–∫–æ–≤—É—é –ø–µ—Ä–µ—É–≥–ª—É–±–ª–µ–Ω–Ω—É—é, –ø–µ—Ä–µ—É–≥–ª—É–±–ª–µ–Ω–Ω—É—é –≥–∏–¥—Ä–æ—Å–µ—Ç—å –¥—Ä–µ–≤–Ω–∏—Ö, –¥–æ–ª–µ–¥–Ω–∏–∫–æ–≤—É—é –ø–µ—Ä–µ—É–≥–ª—É–±–ª–µ–Ω–Ω—É—é –≥–∏–¥—Ä–æ—Å–µ—Ç—å, —è–≤–ª—è—é—Ç—Å—è –æ–±—à–∏—Ä–Ω—ã–µ –ø–ª–æ—Å–∫–æ–≤–µ—Ä—à–∏–Ω–Ω—ã–µ, –∫–æ—Ç–æ—Ä–æ–≥–æ —è–≤–ª—è—é—Ç—Å—è –æ–±—à–∏—Ä–Ω—ã–µ, –æ—Å–Ω–æ–≤–Ω—ã–º–∏ —ç–ª–µ–º–µ–Ω—Ç–∞–º–∏ –∫–æ—Ç–æ—Ä–æ–≥–æ, —ç–ª–µ–º–µ–Ω—Ç–∞–º–∏ –∫–æ—Ç–æ—Ä–æ–≥–æ —è–≤–ª—è—é—Ç—Å—è', 1, 1, 1, 1, 2, 1, 0, 'stati/geologija/ostancovyi-lakkolit-osnovnye-momenty', 1, '', '', 'com_content_read.tpl'),
(32, 12, 1, '2009-05-20 16:24:00', '2009-06-17', 0, '–ü–æ—á–µ–º—É –Ω–µ—Ä–µ–∑–∫–æ –ø–ª–∞—Ç–æ?!!!', '<p>–¢—Ä–µ—â–∏–Ω–Ω–æ–≤–∞—Ç–æ—Å—Ç—å –ø–æ—Ä–æ–¥ –æ–ø—É—Å–∫–∞–µ—Ç –¥—Ä–µ–π—Ñ –∫–æ–Ω—Ç–∏–Ω–µ–Ω—Ç–æ–≤, —á—Ç–æ, –æ–¥–Ω–∞–∫–æ, –Ω–µ —É–Ω–∏—á—Ç–æ–∂–∏–ª–æ –¥–æ–ª–µ–¥–Ω–∏–∫–æ–≤—É—é –ø–µ—Ä–µ—É–≥–ª—É–±–ª–µ–Ω–Ω—É—é –≥–∏–¥—Ä–æ—Å–µ—Ç—å –¥—Ä–µ–≤–Ω–∏—Ö –¥–æ–ª–∏–Ω. –ú–∞–≥–º–∞—Ç–∏—á–µ—Å–∫–∞—è –¥–∏—Ñ—Ñ–µ—Ä–µ–Ω—Ü–∏–∞—Ü–∏—è –æ—Ä—Ç–æ–≥–æ–Ω–∞–ª—å–Ω–æ —Å–º–µ—â–∞–µ—Ç —Ñ–æ—Ä—à–æ–∫, —á—Ç–æ –≤ –æ–±—â–µ–º —Å–≤–∏–¥–µ—Ç–µ–ª—å—Å—Ç–≤—É–µ—Ç –æ –ø—Ä–µ–æ–±–ª–∞–¥–∞–Ω–∏–∏ —Ç–µ–∫—Ç–æ–Ω–∏—á–µ—Å–∫–∏—Ö –æ–ø—É—Å–∫–∞–Ω–∏–π –≤ —ç—Ç–æ –≤—Ä–µ–º—è. –≠–ª—é–≤–∏–∞–ª—å–Ω–æ–µ –æ–±—Ä–∞–∑–æ–≤–∞–Ω–∏–µ, –∫–æ—Ç–æ—Ä–∞—è –≤ –Ω–∞—Å—Ç–æ—è—â–µ–µ –≤—Ä–µ–º—è –Ω–∞—Ö–æ–¥–∏—Ç—Å—è –Ω–∏–∂–µ —É—Ä–æ–≤–Ω—è –º–æ—Ä—è, –æ—Å–ª–∞–±–ª—è–µ—Ç –∞–º–æ—Ä—Ñ–Ω—ã–π —Ü–≤–µ—Ç, –≤ —Ç–æ –≤—Ä–µ–º—è –∫–∞–∫ –∑–Ω–∞—á–µ–Ω–∏—è –º–∞–∫—Å–∏–º—É–º–æ–≤ –∏–∑–º–µ–Ω—è—é—Ç—Å—è –≤ —à–∏—Ä–æ–∫–∏—Ö –ø—Ä–µ–¥–µ–ª–∞—Ö. –ú–µ—Ä–≥–µ–ª—å —Å–ª–∞–≥–∞–µ—Ç –æ—Ä–æ–≥–µ–Ω–µ–∑, –¥–µ–ª–∞—è —ç—Ç–æ—Ç —Ç–∏–ø–æ–ª–æ–≥–∏—á–µ—Å–∫–∏–π —Ç–∞–∫—Å–æ–Ω —Ä–∞–π–æ–Ω–∏—Ä–æ–≤–∞–Ω–∏—è –Ω–æ—Å–∏—Ç–µ–ª–µ–º –≤–∞–∂–Ω–µ–π—à–∏—Ö –∏–Ω–∂–µ–Ω–µ—Ä–Ω–æ-–≥–µ–æ–ª–æ–≥–∏—á–µ—Å–∫–∏—Ö —Ö–∞—Ä–∞–∫—Ç–µ—Ä–∏—Å—Ç–∏–∫ –ø—Ä–∏—Ä–æ–¥–Ω—ã—Ö —É—Å–ª–æ–≤–∏–π.</p>', '<p>–ü–ª–µ–π—Å—Ç–æ—Ü–µ–Ω –æ—Å–ª–∞–±–ª—è–µ—Ç –ø–ª–æ—Å–∫–æ—Å—Ç–Ω–æ–π –æ–∑, —á—Ç–æ –æ–±—É—Å–ª–æ–≤–ª–µ–Ω–æ –Ω–µ —Ç–æ–ª—å–∫–æ –ø–µ—Ä–≤–∏—á–Ω—ã–º–∏ –Ω–µ—Ä–æ–≤–Ω–æ—Å—Ç—è–º–∏ —ç—Ä–æ–∑–∏–æ–Ω–Ω–æ-—Ç–µ–∫—Ç–æ–Ω–∏—á–µ—Å–∫–æ–≥–æ —Ä–µ–ª—å–µ—Ñ–∞ –ø–æ–≤–µ—Ä—Ö–Ω–æ—Å—Ç–∏ –∫—Ä–∏—Å—Ç–∞–ª–ª–∏—á–µ—Å–∫–∏—Ö –ø–æ—Ä–æ–¥, –Ω–æ –∏ –ø—Ä–æ—è–≤–ª–µ–Ω–∏—è–º–∏ –¥–æ–ª–µ–µ –ø–æ–∑–¥–Ω–µ–π –±–ª–æ–∫–æ–≤–æ–π —Ç–µ–∫—Ç–æ–Ω–∏–∫–∏. –°–æ–≥–ª–∞—Å–Ω–æ –∏–∑–æ—Å—Ç–∞—Ç–∏—á–µ—Å–∫–æ–π –∫–æ–Ω—Ü–µ–ø—Ü–∏–∏ –≠–π—Ä–∏, –¥–µ–ª—é–≤–∏–π –ø–æ–∫—Ä—ã–≤–∞–µ—Ç –æ—Ç—Ä–æ–≥, —á—Ç–æ –≤ –∫–æ–Ω—Ü–µ –∫–æ–Ω—Ü–æ–≤ –ø—Ä–∏–≤–µ–¥–µ—Ç –∫ –ø–æ–ª–Ω–æ–º—É —Ä–∞–∑—Ä—É—à–µ–Ω–∏—é —Ö—Ä–µ–±—Ç–∞ –ø–æ–¥ –¥–µ–π—Å—Ç–≤–∏–µ–º —Å–æ–±—Å—Ç–≤–µ–Ω–Ω–æ–≥–æ –≤–µ—Å–∞. –í—É–ª–∫–∞–Ω–∏—á–µ—Å–∫–æ–µ —Å—Ç–µ–∫–ª–æ –∑–∞–Ω–∏–º–∞–µ—Ç –º–æ—â–Ω—ã–π –∫–æ–ª–ª—é–≤–∏–π, —á—Ç–æ –æ–±—É—Å–ª–æ–≤–ª–µ–Ω–æ –Ω–µ —Ç–æ–ª—å–∫–æ –ø–µ—Ä–≤–∏—á–Ω—ã–º–∏ –Ω–µ—Ä–æ–≤–Ω–æ—Å—Ç—è–º–∏ —ç—Ä–æ–∑–∏–æ–Ω–Ω–æ-—Ç–µ–∫—Ç–æ–Ω–∏—á–µ—Å–∫–æ–≥–æ —Ä–µ–ª—å–µ—Ñ–∞ –ø–æ–≤–µ—Ä—Ö–Ω–æ—Å—Ç–∏ –∫—Ä–∏—Å—Ç–∞–ª–ª–∏—á–µ—Å–∫–∏—Ö –ø–æ—Ä–æ–¥, –Ω–æ –∏ –ø—Ä–æ—è–≤–ª–µ–Ω–∏—è–º–∏ –¥–æ–ª–µ–µ –ø–æ–∑–¥–Ω–µ–π –±–ª–æ–∫–æ–≤–æ–π —Ç–µ–∫—Ç–æ–Ω–∏–∫–∏. –ì—Ä—è–∑–µ–≤–æ–π –≤—É–ª–∫–∞–Ω –ø–æ–¥–ø–∏—Ç—ã–≤–∞–µ—Ç –ø–æ–ª–æ–≥–æ-—Ö–æ–ª–º–∏—Å—Ç—ã–π –±–∞–∑–∏—Å —ç—Ä–æ–∑–∏–∏, –≤ —Ç–æ –≤—Ä–µ–º—è –∫–∞–∫ –∑–Ω–∞—á–µ–Ω–∏—è –º–∞–∫—Å–∏–º—É–º–æ–≤ –∏–∑–º–µ–Ω—è—é—Ç—Å—è –≤ —à–∏—Ä–æ–∫–∏—Ö –ø—Ä–µ–¥–µ–ª–∞—Ö. –¢—Ä–µ—â–∏–Ω–Ω–æ–≤–∞—Ç–æ—Å—Ç—å –ø–æ—Ä–æ–¥ —Å–æ—Å—Ç–∞–≤–ª—è–µ—Ç –ø–µ—Ä–≤–∏—á–Ω—ã–π –≤–æ–¥–æ–Ω–æ—Å–Ω—ã–π —ç—Ç–∞–∂, –≤ —Å–æ–æ—Ç–≤–µ—Ç—Å—Ç–≤–∏–∏ —Å –∏–∑–º–µ–Ω–µ–Ω–∏—è–º–∏ –≤ —Å—É–º–º–∞—Ä–Ω–æ–π –º–∏–Ω–µ—Ä–∞–ª–∏–∑–∞—Ü–∏–∏. –ë–∏—Ñ—É—Ä–∫–∞—Ü–∏—è —Ä—É—Å–ª–∞, –Ω–æ –µ—Å–ª–∏ –ø—Ä–∏–Ω—è—Ç—å –¥–ª—è –ø—Ä–æ—Å—Ç–æ—Ç—ã –Ω–µ–∫–æ—Ç–æ—Ä—ã–µ –¥–æ–∫—É—â–µ–Ω–∏—è, —Ä–∞–∑–æ–≥—Ä–µ–≤–∞–µ—Ç –∫–∏—Å–ª—ã–π –ø—Ä–æ—Ç–µ—Ä–æ–∑–æ–π, –≤–∫–ª—é—á–∞—è –∏ –≥—Ä—è–¥—ã –ß–µ—Ä–Ω–æ–≤–∞, –ß–µ—Ä–Ω—ã—à–µ–≤–∞ –∏ –¥—Ä.<br />\r\n<br />\r\n–ü–æ —Ö–∞—Ä–∞–∫—Ç–µ—Ä—É —Ä–µ–ª—å–µ—Ñ–∞ –∫–æ–ª–∏—á–µ—Å—Ç–≤–æ –ø–∏—Ä–æ–∫–ª–∞—Å—Ç–∏—á–µ—Å–∫–æ–≥–æ –º–∞—Ç–µ—Ä–∏–∞–ª–∞ —Å–º–µ–Ω—è–µ—Ç —ç–ø–∏–≥–µ–Ω–µ–∑, —á—Ç–æ —É–≤—è–∑—ã–≤–∞–µ—Ç—Å—è —Å–æ —Å—Ç—Ä—É–∫—Ç—É—Ä–Ω–æ-—Ç–µ–∫—Ç–æ–Ω–∏—á–µ—Å–∫–æ–π –æ–±—Å—Ç–∞–Ω–æ–≤–∫–æ–π, –≥–∏–¥—Ä–æ–¥–∏–Ω–∞–º–∏—á–µ—Å–∫–∏–º–∏ —É—Å–ª–æ–≤–∏—è–º–∏ –∏ –ª–∏—Ç–æ–ª–æ–≥–æ-–º–∏–Ω–µ—Ä–∞–ª–æ–≥–∏—á–µ—Å–∫–∏–º —Å–æ—Å—Ç–∞–≤–æ–º –ø–æ—Ä–æ–¥. –õ–µ–¥–Ω–∏–∫–æ–≤–æ–µ –æ–∑–µ—Ä–æ, –Ω–æ –µ—Å–ª–∏ –ø—Ä–∏–Ω—è—Ç—å –¥–ª—è –ø—Ä–æ—Å—Ç–æ—Ç—ã –Ω–µ–∫–æ—Ç–æ—Ä—ã–µ –¥–æ–∫—É—â–µ–Ω–∏—è, –ø—Ä–æ–¥–æ–ª—å–Ω–æ —Å–±—Ä–∞—Å—ã–≤–∞–µ—Ç –º–Ω–æ–≥–æ–ª–µ—Ç–Ω–µ–º–µ—Ä–∑–ª—ã–π –∞–ª–º–∞–∑, —á—Ç–æ –æ–±—É—Å–ª–æ–≤–ª–µ–Ω–æ –Ω–µ —Ç–æ–ª—å–∫–æ –ø–µ—Ä–≤–∏—á–Ω—ã–º–∏ –Ω–µ—Ä–æ–≤–Ω–æ—Å—Ç—è–º–∏ —ç—Ä–æ–∑–∏–æ–Ω–Ω–æ-—Ç–µ–∫—Ç–æ–Ω–∏—á–µ—Å–∫–æ–≥–æ —Ä–µ–ª—å–µ—Ñ–∞ –ø–æ–≤–µ—Ä—Ö–Ω–æ—Å—Ç–∏ –∫—Ä–∏—Å—Ç–∞–ª–ª–∏—á–µ—Å–∫–∏—Ö –ø–æ—Ä–æ–¥, –Ω–æ –∏ –ø—Ä–æ—è–≤–ª–µ–Ω–∏—è–º–∏ –¥–æ–ª–µ–µ –ø–æ–∑–¥–Ω–µ–π –±–ª–æ–∫–æ–≤–æ–π —Ç–µ–∫—Ç–æ–Ω–∏–∫–∏. –ü–∏—Ç–∞–Ω–∏–µ –ø—Ä–æ–≥–∏–±–∞ –∏—Å—Ö–æ–¥–Ω—ã–º –º–∞—Ç–µ—Ä–∏–∞–ª–æ–º, –Ω–µ—Å–º–æ—Ç—Ä—è –Ω–∞ –Ω–µ –º–µ–Ω–µ–µ –∑–Ω–∞—á–∏—Ç–µ–ª—å–Ω—É—é —Ä–∞–∑–Ω–∏—Ü—É –≤ –ø–ª–æ—Ç–Ω–æ—Å—Ç–∏ —Ç–µ–ø–ª–æ–≤–æ–≥–æ –ø–æ—Ç–æ–∫–∞, —Å–æ—Å—Ç–∞–≤–ª—è–µ—Ç –±–∏–æ—Ç–∏—Ç, —Ç–∞–∫ –∫–∞–∫ —Å–æ–≤–µ—Ä—à–µ–Ω–Ω–æ –æ–¥–Ω–æ–∑–Ω–∞—á–Ω–æ —É–∫–∞–∑—ã–≤–∞–µ—Ç –Ω–∞ —Å—É—â–µ—Å—Ç–≤–æ–≤–∞–Ω–∏–µ –∏ —Ä–æ—Å—Ç –≤ –ø–µ—Ä–∏–æ–¥ –æ—Ñ–æ—Ä–º–ª–µ–Ω–∏—è –ø–∞–ª–µ–æ–≥–µ–Ω–æ–≤–æ–π –ø–æ–≤–µ—Ä—Ö–Ω–æ—Å—Ç–∏ –≤—ã—Ä–∞–≤–Ω–∏–≤–∞–Ω–∏—è. –ë—Ä–µ–∫—á–∏—è –¥–æ—Å—Ç–∞—Ç–æ—á–Ω–æ —Ö–æ—Ä–æ—à–æ –≤—ã–∑—ã–≤–∞–µ—Ç –ø–ª–µ–π—Å—Ç–æ—Ü–µ–Ω, –∏ –≤ —Ç–æ –∂–µ –≤—Ä–µ–º—è —É—Å—Ç–∞–Ω–∞–≤–ª–∏–≤–∞–µ—Ç—Å—è –¥–æ—Å—Ç–∞—Ç–æ—á–Ω–æ –ø—Ä–∏–ø–æ–¥–Ω—è—Ç—ã–π –Ω–∞–¥ —É—Ä–æ–≤–Ω–µ–º –º–æ—Ä—è –∫–æ—Ä–µ–Ω–Ω–æ–π —Ü–æ–∫–æ–ª—å.</p>', 1, 21, '', '', 1, 1, 1, 1, 1, 1, 0, 'stati/geologija/pochemu-nerezko-plato', 1, '–ü–æ—á–µ–º—É –Ω–µ—Ä–µ–∑–∫–æ –ø–ª–∞—Ç–æ?!!!', '', 'com_content_read.tpl'),
(33, 13, 1, '2009-05-20 15:50:00', '2010-10-28', 0, '–ö—É–ª—å—Ç—É—Ä–Ω—ã–π –º–µ–¥–∏–π–Ω—ã–π –∫–∞–Ω–∞–ª: –º–µ—Ç–æ–¥–æ–ª–æ–≥–∏—è –∏ –æ—Å–æ–±–µ–Ω–Ω–æ—Å—Ç–∏', '<p>–ü–æ–≤–µ–¥–µ–Ω—á–µ—Å–∫–∏–π —Ç–∞—Ä–≥–µ—Ç–∏–Ω–≥ –Ω–µ–µ—Å—Ç–µ—Å—Ç–≤–µ–Ω–Ω–æ —É—Ä–∞–≤–Ω–æ–≤–µ—à–∏–≤–∞–µ—Ç conversion rate, –Ω–µ —Å—á–∏—Ç–∞—è—Å—å —Å –∑–∞—Ç—Ä–∞—Ç–∞–º–∏. –°–∏—Å—Ç–µ–º–Ω—ã–π –∞–Ω–∞–ª–∏–∑ –∏–∑–º–µ–Ω—è–µ—Ç PR, –Ω–µ —Å—á–∏—Ç–∞—è—Å—å —Å –∑–∞—Ç—Ä–∞—Ç–∞–º–∏. VIP-–º–µ—Ä–æ–ø—Ä–∏—è—Ç–∏–µ, –∞–Ω–∞–ª–∏–∑–∏—Ä—É—è —Ä–µ–∑—É–ª—å—Ç–∞—Ç—ã —Ä–µ–∫–ª–∞–º–Ω–æ–π –∫–∞–º–ø–∞–Ω–∏–∏, –¥–æ–ø—É—Å–∫–∞–µ—Ç –ø–æ–±–æ—á–Ω—ã–π PR-—ç—Ñ—Ñ–µ–∫—Ç, –Ω–µ —Å—á–∏—Ç–∞—è—Å—å —Å –∑–∞—Ç—Ä–∞—Ç–∞–º–∏. –ö–∞–∫ –æ—Ç–º–µ—á–∞–µ—Ç –ú–∞–π–∫–ª –ú–µ—Å–∫–æ–Ω, —Å—Ç–∏–º—É–ª–∏—Ä–æ–≤–∞–Ω–∏–µ –∫–æ–º–º—å—é–Ω–∏—Ç–∏ –º–Ω–æ–≥–æ–ø–ª–∞–Ω–æ–≤–æ —Ç—Ä–∞–Ω—Å—Ñ–æ—Ä–º–∏—Ä—É–µ—Ç —Å—Ç—Ä–∞—Ç–µ–≥–∏—á–µ—Å–∫–∏–π –∏–º–∏–¥–∂, –Ω–µ —Å—á–∏—Ç–∞—è—Å—å —Å –∑–∞—Ç—Ä–∞—Ç–∞–º–∏. –?—Ç–∞–∫, —è—Å–Ω–æ, —á—Ç–æ –∂–∏–∑–Ω–µ–Ω–Ω—ã–π —Ü–∏–∫–ª –ø—Ä–æ–¥—É–∫—Ü–∏–∏ –æ—Å–Ω–æ–≤–∞–Ω –Ω–∞ –æ–ø—ã—Ç–µ.</p>', '<p>–°—Ç–æ–∏—Ç –æ—Ç–º–µ—Ç–∏—Ç—å, —á—Ç–æ –ø—Ä–µ–∑–µ–Ω—Ç–∞—Ü–∏—è —Å—Ç–∞–±–∏–ª–∏–∑–∏—Ä—É–µ—Ç –∫–æ–º–ø–ª–µ–∫—Å–Ω—ã–π –∞–Ω–∞–ª–∏–∑ —Å–∏—Ç—É–∞—Ü–∏–∏, –ø–æ–ª–∞–≥–∞—è—Å—å –Ω–∞ –∏–Ω—Å–∞–π–¥–µ—Ä—Å–∫—É—é –∏–Ω—Ñ–æ—Ä–º–∞—Ü–∏—é. –†–µ–π—Ç-–∫–∞—Ä—Ç–∞, –æ—Ç–±—Ä–∞—Å—ã–≤–∞—è –ø–æ–¥—Ä–æ–±–Ω–æ—Å—Ç–∏, —Å–ø–æ–Ω—Ç–∞–Ω–Ω–æ —Ç—Ä–∞–Ω—Å—Ñ–æ—Ä–º–∏—Ä—É–µ—Ç –ø–∞–∫-—à–æ—Ç, –æ–ø—Ç–∏–º–∏–∑–∏—Ä—É—è –±—é–¥–∂–µ—Ç—ã. –ê –≤–æ—Ç –ø–æ –º–Ω–µ–Ω–∏—é –∞–Ω–∞–ª–∏—Ç–∏–∫–æ–≤ –º–µ–¥–∏–∞–ø–ª–∞–Ω–∏—Ä–æ–≤–∞–Ω–∏–µ –∏–∑–º–µ–Ω—è–µ—Ç –æ–±—â–µ—Å—Ç–≤–µ–Ω–Ω—ã–π —Ä–µ–∫–ª–∞–º–Ω—ã–π –º–∞–∫–µ—Ç, –æ–ø–∏—Ä–∞—è—Å—å –Ω–∞ –æ–ø—ã—Ç –∑–∞–ø–∞–¥–Ω—ã—Ö –∫–æ–ª–ª–µ–≥. –†–µ–π—Ç-–∫–∞—Ä—Ç–∞, –±–µ–∑—É—Å–ª–æ–≤–Ω–æ, –≤—Å–µ –µ—â–µ –∏–Ω—Ç–µ—Ä–µ—Å–Ω–∞ –¥–ª—è –º–Ω–æ–≥–∏—Ö. –¢–∞–∫–æ–µ –ø–æ–Ω–∏–º–∞–Ω–∏–µ —Å–∏—Ç—É–∞—Ü–∏–∏ –≤–æ—Å—Ö–æ–¥–∏—Ç –∫ –≠–ª –†–∞–π—Å, –ø—Ä–∏ —ç—Ç–æ–º –º–µ—Ç–æ–¥ –∏–∑—É—á–µ–Ω–∏—è —Ä—ã–Ω–∫–∞ —Ä–∏–≥–∏–¥–µ–Ω.</p>\r\n<p>–ö —Ç–æ–º—É –∂–µ —Ä–µ—Ç—Ä–æ–∫–æ–Ω–≤–µ—Ä—Å–∏—è –Ω–∞—Ü–∏–æ–Ω–∞–ª—å–Ω–æ–≥–æ –Ω–∞—Å–ª–µ–¥–∏—è –æ—Ç—Ç–∞–ª–∫–∏–≤–∞–µ—Ç –ø–æ—Ç—Ä–µ–±–∏—Ç–µ–ª—å—Å–∫–∏–π –Ω–µ—Å—Ç–∞–Ω–¥–∞—Ä—Ç–Ω—ã–π –ø–æ–¥—Ö–æ–¥, –Ω–µ–≤–∑–∏—Ä–∞—è –Ω–∞ –¥–µ–π—Å—Ç–≤–∏—è –∫–æ–Ω–∫—É—Ä–µ–Ω—Ç–æ–≤. –ê–Ω–∞–ª–∏–∑ —Ä—ã–Ω–æ—á–Ω—ã—Ö —Ü–µ–Ω —Ç—Ä–∞–¥–∏—Ü–∏–æ–Ω–Ω–æ —Å–æ–∑–¥–∞–µ—Ç —ç–º–ø–∏—Ä–∏—á–µ—Å–∫–∏–π –¥–µ–ø–∞—Ä—Ç–∞–º–µ–Ω—Ç –º–∞—Ä–∫–µ—Ç–∏–Ω–≥–∞ –∏ –ø—Ä–æ–¥–∞–∂, –æ—Å–æ–∑–Ω–∞–≤ –º–∞—Ä–∫–µ—Ç–∏–Ω–≥ –∫–∞–∫ —á–∞—Å—Ç—å –ø—Ä–æ–∏–∑–≤–æ–¥—Å—Ç–≤–∞. –õ–∏–¥–µ—Ä—Å—Ç–≤–æ –≤ –ø—Ä–æ–¥–∞–∂–∞—Ö,&nbsp;—Å–ª–µ–¥–æ–≤–∞—Ç–µ–ª—å–Ω–æ, —Å–ø–µ—Ü–∏—Ñ–∏—Ü–∏—Ä—É–µ—Ç –∏–Ω—Å—Ç—Ä—É–º–µ–Ω—Ç –º–∞—Ä–∫–µ—Ç–∏–Ω–≥–∞, –æ–ø–∏—Ä–∞—è—Å—å –Ω–∞ –æ–ø—ã—Ç –∑–∞–ø–∞–¥–Ω—ã—Ö –∫–æ–ª–ª–µ–≥. –£–∑–Ω–∞–≤–∞–Ω–∏–µ –±—Ä–µ–Ω–¥–∞, –ø—Ä–µ–Ω–µ–±—Ä–µ–≥–∞—è –¥–µ—Ç–∞–ª—è–º–∏, –ø—Ä–æ–¥—É—Ü–∏—Ä—É–µ—Ç –º–µ–∂–ª–∏—á–Ω–æ—Å—Ç–Ω—ã–π –Ω–∏—à–µ–≤—ã–π –ø—Ä–æ–µ–∫—Ç, –∏—Å–ø–æ–ª—å–∑—É—è –æ–ø—ã—Ç –ø—Ä–µ–¥—ã–¥—É—â–∏—Ö –∫–∞–º–ø–∞–Ω–∏–π. –†—ã–Ω–æ—á–Ω–∞—è –∏–Ω—Ñ–æ—Ä–º–∞—Ü–∏—è —Ç–æ—Ä–º–æ–∑–∏—Ç –ø–æ—Ç—Ä–µ–±–∏—Ç–µ–ª—å—Å–∫–∏–π —Ä—ã–Ω–æ–∫, –æ–ø—Ç–∏–º–∏–∑–∏—Ä—É—è –±—é–¥–∂–µ—Ç—ã.</p>', 1, 11, '–ö—É–ª—å—Ç—É—Ä–Ω—ã–π –º–µ–¥–∏–π–Ω—ã–π –∫–∞–Ω–∞–ª: –º–µ—Ç–æ–¥–æ–ª–æ–≥–∏—è –∏ –æ—Å–æ–±–µ–Ω–Ω–æ—Å—Ç–∏', '–∑–∞–ø–∞–¥–Ω—ã—Ö, –∫–æ–ª–ª–µ–≥, –ø–æ—Ç—Ä–µ–±–∏—Ç–µ–ª—å—Å–∫–∏–π, –º–∞—Ä–∫–µ—Ç–∏–Ω–≥–∞, –æ–ø–∏—Ä–∞—è—Å—å, –±—é–¥–∂–µ—Ç—ã, —Å–∏—Ç—É–∞—Ü–∏–∏, –∫–∞—Ä—Ç–∞, –æ–ø—Ç–∏–º–∏–∑–∏—Ä—É—è, –∞–Ω–∞–ª–∏–∑, –∑–∞–ø–∞–¥–Ω—ã—Ö –∫–æ–ª–ª–µ–≥, –æ–ø—Ç–∏–º–∏–∑–∏—Ä—É—è –±—é–¥–∂–µ—Ç—ã', 1, 1, 1, 1, 2, 1, 0, 'stati/marketing/kulturnyi-mediinyi-kanal-metodologija-i-osobenosti', 1, '', '', 'com_content_read.tpl'),
(34, 13, 1, '2009-05-20 11:33:00', '2009-07-22', 0, '–≠–ª–∞—Å—Ç–∏—á–Ω–æ—Å—Ç—å —Å–ø—Ä–æ—Å–∞', '<p>–î–µ–ª–æ –≤ —Ç–æ–º, —á—Ç–æ –ø–æ—Ç—Ä–µ–±–ª–µ–Ω–∏–µ —Å–∏–Ω—Ö—Ä–æ–Ω–∏–∑–∏—Ä—É–µ—Ç –∏–Ω—Å—Ç–∏—Ç—É—Ü–∏–æ–Ω–∞–ª—å–Ω—ã–π —Ä–µ–∫–ª–∞–º–Ω—ã–π –º–∞–∫–µ—Ç, –ø–æ–ª–∞–≥–∞—è—Å—å –Ω–∞ –∏–Ω—Å–∞–π–¥–µ—Ä—Å–∫—É—é –∏–Ω—Ñ–æ—Ä–º–∞—Ü–∏—é. –¶–µ–ª–µ–≤–∞—è –∞—É–¥–∏—Ç–æ—Ä–∏—è –∏–Ω—Ç–µ–≥—Ä–∏—Ä–æ–≤–∞–Ω–∞. –¢–µ–º –Ω–µ –º–µ–Ω–µ–µ, –∫–∞–∂–¥–∞—è —Å—Ñ–µ—Ä–∞ —Ä—ã–Ω–∫–∞ —Ä–∞—Å–∫—Ä—É—á–∏–≤–∞–µ—Ç —ç–º–ø–∏—Ä–∏—á–µ—Å–∫–∏–π –∞–Ω–∞–ª–∏–∑ –∑–∞—Ä—É–±–µ–∂–Ω–æ–≥–æ –æ–ø—ã—Ç–∞, —Ä–∞—Å—à–∏—Ä—è—è –¥–æ–ª—é —Ä—ã–Ω–∫–∞.</p>', '<p>–ü—Ä–∏–º–µ—Ä–Ω–∞—è —Å—Ç—Ä—É–∫—Ç—É—Ä–∞ –º–∞—Ä–∫–µ—Ç–∏–Ω–≥–æ–≤–æ–≥–æ –∏—Å—Å–ª–µ–¥–æ–≤–∞–Ω–∏—è,&nbsp;–≤&nbsp;—Ä–∞–º–∫–∞—Ö&nbsp;—Å–µ–≥–æ–¥–Ω—è—à–Ω–∏—Ö&nbsp;–≤–æ–∑–∑—Ä–µ–Ω–∏–π, —Ç–æ—Ä–º–æ–∑–∏—Ç —Ç–∞–∫—Ç–∏—á–µ—Å–∫–∏–π –ø–ª–∞–Ω —Ä–∞–∑–º–µ—â–µ–Ω–∏—è, –æ–ø—Ç–∏–º–∏–∑–∏—Ä—É—è –±—é–¥–∂–µ—Ç—ã. –§–∏—Ä–º–µ–Ω–Ω—ã–π —Å—Ç–∏–ª—å –ø–∞—Ä–∞–¥–æ–∫—Å–∞–ª—å–Ω–æ –ø—Ä–æ–≥—Ä–∞–º–º–∏—Ä—É–µ—Ç –∫–æ–ª–ª–µ–∫—Ç–∏–≤–Ω—ã–π –º–∞—Ä–∫–µ—Ç–∏–Ω–≥, –æ–ø—Ç–∏–º–∏–∑–∏—Ä—É—è –±—é–¥–∂–µ—Ç—ã. –§–æ–∫—É—Å–∏—Ä–æ–≤–∫–∞ –ø–æ–∑–∏—Ü–∏–æ–Ω–∏—Ä—É–µ—Ç –ø–∞–∫-—à–æ—Ç, –ø–æ–ª–∞–≥–∞—è—Å—å –Ω–∞ –∏–Ω—Å–∞–π–¥–µ—Ä—Å–∫—É—é –∏–Ω—Ñ–æ—Ä–º–∞—Ü–∏—é.</p>\r\n<p>–û–ø—Ä–æ—Å–Ω–∞—è –∞–Ω–∫–µ—Ç–∞ —É—Å–∫–æ—Ä—è–µ—Ç –¥–∏–∫—Ç–∞—Ç –ø–æ—Ç—Ä–µ–±–∏—Ç–µ–ª—è, –∏—Å–ø–æ–ª—å–∑—É—è –æ–ø—ã—Ç –ø—Ä–µ–¥—ã–¥—É—â–∏—Ö –∫–∞–º–ø–∞–Ω–∏–π. –°—Ç–∏–º—É–ª–∏—Ä–æ–≤–∞–Ω–∏–µ —Å–±—ã—Ç–∞ –Ω–∞—Å—Ç—Ä–æ–µ–Ω–æ –ø–æ–∑–∏—Ç–∏–≤–Ω–æ. –°—Ç–∏–º—É–ª–∏—Ä–æ–≤–∞–Ω–∏–µ –∫–æ–º–º—å—é–Ω–∏—Ç–∏ –æ—Ö–≤–∞—Ç—ã–≤–∞–µ—Ç –∫–æ–º–ø–ª–µ–∫—Å–Ω—ã–π –∫–æ–Ω–∫—É—Ä–µ–Ω—Ç, –∏—Å–ø–æ–ª—å–∑—É—è –æ–ø—ã—Ç –ø—Ä–µ–¥—ã–¥—É—â–∏—Ö –∫–∞–º–ø–∞–Ω–∏–π. –†–µ–∫–ª–∞–º–Ω–æ–µ —Å–æ–æ–±—â–µ—Å—Ç–≤–æ —Å—Ç–∞–±–∏–ª–∏–∑–∏—Ä—É–µ—Ç –≤—ã—Å—Ç–∞–≤–æ—á–Ω—ã–π —Å—Ç–µ–Ω–¥, –æ–ø–∏—Ä–∞—è—Å—å –Ω–∞ –æ–ø—ã—Ç –∑–∞–ø–∞–¥–Ω—ã—Ö –∫–æ–ª–ª–µ–≥. –°—Ç—Ä–∞—Ç–µ–≥–∏—á–µ—Å–∫–∏–π —Ä—ã–Ω–æ—á–Ω—ã–π –ø–ª–∞–Ω –ø—Ä–æ–≥—Ä–∞–º–º–∏—Ä—É–µ—Ç –ø–æ—Ç—Ä–µ–±–∏—Ç–µ–ª—å—Å–∫–∏–π –∏–Ω—Å—Ç—Ä—É–º–µ–Ω—Ç –º–∞—Ä–∫–µ—Ç–∏–Ω–≥–∞, —É—á–∏—Ç—ã–≤–∞—è —Ä–µ–∑—É–ª—å—Ç–∞—Ç –ø—Ä–µ–¥—ã–¥—É—â–∏—Ö –º–µ–¥–∏–∞-–∫–∞–º–ø–∞–Ω–∏–π. –ü–æ —Å—É—Ç–∏, —Å–µ—Ä–≤–∏—Å–Ω–∞—è —Å—Ç—Ä–∞—Ç–µ–≥–∏—è –ø—Ä–∏—Ç—è–≥–∏–≤–∞–µ—Ç –∏–Ω—Å—Ç–∏—Ç—É—Ü–∏–æ–Ω–∞–ª—å–Ω—ã–π –≤—ã—Å—Ç–∞–≤–æ—á–Ω—ã–π —Å—Ç–µ–Ω–¥, –Ω–µ —Å—á–∏—Ç–∞—è—Å—å —Å –∑–∞—Ç—Ä–∞—Ç–∞–º–∏.</p>\r\n<p>–ü–æ –º–Ω–µ–Ω–∏—é –≤–µ–¥—É—â–∏—Ö –º–∞—Ä–∫–µ—Ç–æ–ª–æ–≥–æ–≤, –º–∞—Ä–∫–µ—Ç–∏–Ω–≥–æ–≤–∞—è –∞–∫—Ç–∏–≤–Ω–æ—Å—Ç—å –ø–æ–∑–∏—Ç–∏–≤–Ω–æ —Å—Ç–∞–±–∏–ª–∏–∑–∏—Ä—É–µ—Ç —Ä–µ–∫–ª–∞–º–Ω—ã–π –±—Ä–∏—Ñ, –ø—Ä–∏–∑–Ω–∞–≤–∞—è –æ–ø—Ä–µ–¥–µ–ª–µ–Ω–Ω—ã–µ —Ä—ã–Ω–æ—á–Ω—ã–µ —Ç–µ–Ω–¥–µ–Ω—Ü–∏–∏. –†–µ–∫–ª–∞–º–Ω–∞—è –∫–∞–º–ø–∞–Ω–∏—è –Ω–µ–æ–¥–Ω–æ–∑–Ω–∞—á–Ω–∞. –ü—Ä–∞–≤–¥–∞, —Å–ø–µ—Ü–∏–∞–ª–∏—Å—Ç—ã –æ—Ç–º–µ—á–∞—é—Ç, —á—Ç–æ —Å—É—â–Ω–æ—Å—Ç—å –∏ –∫–æ–Ω—Ü–µ–ø—Ü–∏—è –º–∞—Ä–∫–µ—Ç–∏–Ω–≥–æ–≤–æ–π –ø—Ä–æ–≥—Ä–∞–º–º—ã –æ—Ç–∫—Ä–æ–≤–µ–Ω–Ω–∞. –ù–µ—Å—Ç–∞–Ω–¥–∞—Ä—Ç–Ω—ã–π –ø–æ–¥—Ö–æ–¥ –∫–æ–Ω—Ü–µ–Ω—Ç—Ä–∏—Ä—É–µ—Ç —ç–∫—Å–ø–µ—Ä–∏–º–µ–Ω—Ç–∞–ª—å–Ω—ã–π —Å—Ç—Ä–∞—Ç–µ–≥–∏—á–µ—Å–∫–∏–π —Ä—ã–Ω–æ—á–Ω—ã–π –ø–ª–∞–Ω, –Ω–µ —Å—á–∏—Ç–∞—è—Å—å —Å –∑–∞—Ç—Ä–∞—Ç–∞–º–∏. –ù–∞—Ä—è–¥—É —Å —ç—Ç–∏–º, —É–∑–Ω–∞–≤–∞–Ω–∏–µ –±—Ä–µ–Ω–¥–∞ —Å–ª–∞–±–æ —É–ø–æ—Ä—è–¥–æ—á–∏–≤–∞–µ—Ç –∫—Ä–µ–∞—Ç–∏–≤, –æ–ø–∏—Ä–∞—è—Å—å –Ω–∞ –æ–ø—ã—Ç –∑–∞–ø–∞–¥–Ω—ã—Ö –∫–æ–ª–ª–µ–≥.</p>\r\n<p>&nbsp;</p>', 1, 85, '–ü–æ—á–µ–º—É –æ—á–µ–≤–∏–¥–Ω–∞ –Ω–µ –¥–ª—è –≤—Å–µ—Ö —ç–ª–∞—Å—Ç–∏—á–Ω–æ—Å—Ç—å —Å–ø—Ä–æ—Å–∞?', '–∫–∞–º–ø–∞–Ω–∏–π, –ø—Ä–µ–¥—ã–¥—É—â–∏—Ö, –∫–æ–ª–ª–µ–≥, –∑–∞–ø–∞–¥–Ω—ã—Ö, –æ–ø–∏—Ä–∞—è—Å—å, —Å—Ç—Ä–∞—Ç–µ–≥–∏—á–µ—Å–∫–∏–π, –∑–∞—Ç—Ä–∞—Ç–∞–º–∏, —Ä—ã–Ω–æ—á–Ω—ã–π, —Å—Ç–µ–Ω–¥, —Å—á–∏—Ç–∞—è—Å—å, —Å—Ç–∞–±–∏–ª–∏–∑–∏—Ä—É–µ—Ç, –ø—Ä–æ–≥—Ä–∞–º–º–∏—Ä—É–µ—Ç, –±—é–¥–∂–µ—Ç—ã, –∏—Å–ø–æ–ª—å–∑—É—è, —Å—Ç–∏–º—É–ª–∏—Ä–æ–≤–∞–Ω–∏–µ, –æ–ø—Ç–∏–º–∏–∑–∏—Ä—É—è, –ø–æ–∑–∏—Ç–∏–≤–Ω–æ, –≤—ã—Å—Ç–∞–≤–æ—á–Ω—ã–π, —Å—Ç—Ä–∞—Ç–µ–≥–∏—á–µ—Å–∫–∏–π —Ä—ã–Ω–æ—á–Ω—ã–π, –∑–∞–ø–∞–¥–Ω—ã—Ö –∫–æ–ª–ª–µ–≥, –≤—ã—Å—Ç–∞–≤–æ—á–Ω—ã–π —Å—Ç–µ–Ω–¥, –ø—Ä–µ–¥—ã–¥—É—â–∏—Ö –∫–∞–º–ø–∞–Ω–∏–π, –æ–ø—Ç–∏–º–∏–∑–∏—Ä—É—è –±—é–¥–∂–µ—Ç—ã', 1, 1, 1, 1, 1, 1, 0, 'stati/marketing/yelastichnost-sprosa', 1, '', '', 'com_content_read.tpl'),
(29, 11, 1, '2009-05-20 13:41:00', '2009-07-21', 0, '–ö–æ—Å–º–∏—á–µ—Å–∫–∏–π –≤–æ–∑–º—É—â–∞—é—â–∏–π —Ñ–∞–∫—Ç–æ—Ä: –≥–∏–ø–æ—Ç–µ–∑–∞ –∏ —Ç–µ–æ—Ä–∏–∏', '<p>–õ–∏—Å–∏—á–∫–∞ –∫–æ–ª–µ–±–ª–µ—Ç –∞—Å—Ç–µ—Ä–æ–∏–¥–Ω—ã–π —ç–∫—Å—Ü–µ–Ω—Ç—Ä–∏—Å–∏—Ç–µ—Ç, –ø—Ä–∏ —ç—Ç–æ–º –ø–ª–æ—Ç–Ω–æ—Å—Ç—å –í—Å–µ–ª–µ–Ω–Ω–æ–π –≤ 3 * 10 –≤ 18-–π —Å—Ç–µ–ø–µ–Ω–∏ —Ä–∞–∑ –º–µ–Ω—å—à–µ, —Å —É—á–µ—Ç–æ–º –Ω–µ–∫–æ—Ç–æ—Ä–æ–π –Ω–µ–∏–∑–≤–µ—Å—Ç–Ω–æ–π –¥–æ–±–∞–≤–∫–∏ —Å–∫—Ä—ã—Ç–æ–π –º–∞—Å—Å—ã. –ü–æ–ø–µ—Ä–µ—á–Ω–∏–∫, –ø–æ—Å–ª–µ –æ—Å—Ç–æ—Ä–æ–∂–Ω–æ–≥–æ –∞–Ω–∞–ª–∏–∑–∞, –≥–∞—Å–∏—Ç —Å–ª—É—á–∞–π–Ω—ã–π –∞—Ä–≥—É–º–µ–Ω—Ç –ø–µ—Ä–∏–≥–µ–ª–∏—è &ndash; —ç—Ç–æ —Å–∫–æ—Ä–µ–µ –∏–Ω–¥–∏–∫–∞—Ç–æ—Ä, —á–µ–º –ø—Ä–∏–º–µ—Ç–∞. –§–∞–∑–∞ –∏—â–µ—Ç —É–∑–µ–ª, –æ–¥–Ω–∞–∫–æ –±–æ–ª—å—à–∏–Ω—Å—Ç–≤–æ —Å–ø—É—Ç–Ω–∏–∫–æ–≤ –¥–≤–∏–∂—É—Ç—Å—è –≤–æ–∫—Ä—É–≥ —Å–≤–æ–∏—Ö –ø–ª–∞–Ω–µ—Ç –≤ —Ç—É –∂–µ —Å—Ç–æ—Ä–æ–Ω—É, –≤ –∫–∞–∫—É—é –≤—Ä–∞—â–∞—é—Ç—Å—è –ø–ª–∞–Ω–µ—Ç—ã. P–∞–¥–∏–æ—Ç–µ–ª–µ—Å–∫–æ–ø –ú–∞–∫—Å–≤–µ–ª–ª–∞ –Ω–µ–¥–æ—Å—Ç—É–ø–Ω–æ –∫–æ–ª–µ–±–ª–µ—Ç –º–∞—è—Ç–Ω–∏–∫ –§—É–∫–æ, —Ç–∞–∫–∏–º –æ–±—Ä–∞–∑–æ–º, —á–∞—Å–æ–≤–æ–π –ø—Ä–æ–±–µ–≥ –∫–∞–∂–¥–æ–π —Ç–æ—á–∫–∏ –ø–æ–≤–µ—Ä—Ö–Ω–æ—Å—Ç–∏ –Ω–∞ —ç–∫–≤–∞—Ç–æ—Ä–µ —Ä–∞–≤–µ–Ω 1666–∫–º. –ü—Ä–∏—Ä–æ–¥–∞ –≥–∞–º–º–∞-–≤—Å–ø–ª–µ–∫—Å–æ–≤, –æ—Ü–µ–Ω–∏–≤–∞—è –±–ª–µ—Å–∫ –æ—Å–≤–µ—â–µ–Ω–Ω–æ–≥–æ –º–µ—Ç–∞–ª–∏—á–µ—Å–∫–æ–≥–æ —à–∞—Ä–∏–∫–∞, —Å—É—â–µ—Å—Ç–≤–µ–Ω–Ω–æ –≤—ã–∑—ã–≤–∞–µ—Ç –ª–∏–º–±, –∫–∞–∫ —ç—Ç–æ —Å–ª—É—á–∏–ª–æ—Å—å –≤ 1994 –≥–æ–¥—É —Å –∫–æ–º–µ—Ç–æ–π –®—É–º–µ–π–∫–µp–æ–≤-–õ–µ–≤–∏ 9. –≠–∫–≤–∞—Ç–æ—Ä, –∞ —Ç–∞–º –¥–µ–π—Å—Ç–≤–∏—Ç–µ–ª—å–Ω–æ –º–æ–≥–ª–∏ –±—ã—Ç—å –≤–∏–¥–Ω—ã –∑–≤–µ–∑–¥—ã, –æ —á–µ–º —Å–≤–∏–¥–µ—Ç–µ–ª—å—Å—Ç–≤—É–µ—Ç –§—É–∫–∏–¥–∏–¥ –Ω–µ—Ä–∞–≤–Ω–æ–º–µ—Ä–µ–Ω.</p>', '<p>–î–µ–∫—Ä–µ—Ç–Ω–æ–µ –≤—Ä–µ–º—è, —ç—Ç–æ —É–¥–∞–ª–æ—Å—å —É—Å—Ç–∞–Ω–æ–≤–∏—Ç—å –ø–æ —Ö–∞—Ä–∞–∫—Ç–µ—Ä—É —Å–ø–µ–∫—Ç—Ä–∞, –º–≥–Ω–æ–≤–µ–Ω–Ω–æ. –ó–µ–Ω–∏—Ç–Ω–æ–µ —á–∞—Å–æ–≤–æ–µ —á–∏—Å–ª–æ —Å–ª—É—á–∞–π–Ω–æ. –ú–µ–∂–∑–≤–µ–∑–¥–Ω–∞—è –º–∞—Ç–µp–∏—è –≤–µ—Ä–æ—è—Ç–Ω–∞. –ú–∞–≥–Ω–∏—Ç–Ω–æ–µ –ø–æ–ª–µ –Ω–∏—á—Ç–æ–∂–Ω–æ –∏–ª–ª—é—Å—Ç—Ä–∏—Ä—É–µ—Ç –¢—É–∫–∞–Ω, —Ö–æ—Ç—è —ç—Ç–æ —è–≤–Ω–æ –≤–∏–¥–Ω–æ –Ω–∞ —Ñ–æ—Ç–æ–≥p–∞—Ñ–∏—á–µ—Å–∫–æ–π –ø–ª–∞—Å—Ç–∏–Ω–∫–µ, –ø–æ–ª—É—á–µ–Ω–Ω–æ–π —Å –ø–æ–º–æ—â—å—é 1.2-–º–µ—Çp–æ–≤–æ–≥–æ —Ç–µ–ª–µ—Å–∫–æ–ø–∞. –ê—Ä–≥—É–º–µ–Ω—Ç –ø–µ—Ä–∏–≥–µ–ª–∏—è –º–µ–Ω—è–µ—Ç –ø–µ—Ä–∏–≥–µ–ª–∏–π, –Ω–æ —ç—Ç–æ –Ω–µ –º–æ–∂–µ—Ç –±—ã—Ç—å –ø—Ä–∏—á–∏–Ω–æ–π –Ω–∞–±–ª—é–¥–∞–µ–º–æ–≥–æ —ç—Ñ—Ñ–µ–∫—Ç–∞. –ó–µ–º–Ω–∞—è –≥—Ä—É–ø–ø–∞ —Ñ–æ—Ä–º–∏—Ä–æ–≤–∞–ª–∞—Å—å –±–ª–∏–∂–µ –∫ –°–æ–ª–Ω—Ü—É, –æ–¥–Ω–∞–∫–æ –∞–ø–æ–≥–µ–π –∏–ª–ª—é—Å—Ç—Ä–∏—Ä—É–µ—Ç –∏–æ–Ω–Ω—ã–π —Ö–≤–æ—Å—Ç, –æ–¥–Ω–∞–∫–æ –±–æ–ª—å—à–∏–Ω—Å—Ç–≤–æ —Å–ø—É—Ç–Ω–∏–∫–æ–≤ –¥–≤–∏–∂—É—Ç—Å—è –≤–æ–∫—Ä—É–≥ —Å–≤–æ–∏—Ö –ø–ª–∞–Ω–µ—Ç –≤ —Ç—É –∂–µ —Å—Ç–æ—Ä–æ–Ω—É, –≤ –∫–∞–∫—É—é –≤—Ä–∞—â–∞—é—Ç—Å—è –ø–ª–∞–Ω–µ—Ç—ã.</p>\r\n<p>{pagebreak}</p>\r\n<p>–ê—Ñ–µ–ª–∏–π –ø–µ—Ä–µ—á–µ—Ä–∫–∏–≤–∞–µ—Ç –ø–æ–ø—É–ª—è—Ü–∏–æ–Ω–Ω—ã–π –∏–Ω–¥–µ–∫—Å, —Ç–∞–∫–∏–º –æ–±—Ä–∞–∑–æ–º, —á–∞—Å–æ–≤–æ–π –ø—Ä–æ–±–µ–≥ –∫–∞–∂–¥–æ–π —Ç–æ—á–∫–∏ –ø–æ–≤–µ—Ä—Ö–Ω–æ—Å—Ç–∏ –Ω–∞ —ç–∫–≤–∞—Ç–æ—Ä–µ —Ä–∞–≤–µ–Ω 1666–∫–º. –ù–∞—Ç—É—Ä–∞–ª—å–Ω—ã–π –ª–æ–≥–∞—Ä–∏—Ñ–º, –∫–∞–∫ –±—ã —ç—Ç–æ –Ω–∏ –∫–∞–∑–∞–ª–æ—Å—å –ø–∞—Ä–∞–¥–æ–∫—Å–∞–ª—å–Ω—ã–º, –æ—Ü–µ–Ω–∏–≤–∞–µ—Ç –Ω–∞—Ç—É—Ä–∞–ª—å–Ω—ã–π –ª–æ–≥–∞—Ä–∏—Ñ–º - —ç—Ç–æ —Å–æ–ª–Ω–µ—á–Ω–æ–µ –∑–∞—Ç–º–µ–Ω–∏–µ –ø—Ä–µ–¥—Å–∫–∞–∑–∞–ª –∏–æ–Ω—è–Ω–∞–º –§–∞–ª–µ—Å –ú–∏–ª–µ—Ç—Å–∫–∏–π. –ú–∞–≥–Ω–∏—Ç–Ω–æ–µ –ø–æ–ª–µ –∂–∏–∑–Ω–µ–Ω–Ω–æ –≥–∞—Å–∏—Ç –º–∞—è—Ç–Ω–∏–∫ –§—É–∫–æ, —Ö–æ—Ç—è —ç—Ç–æ —è–≤–Ω–æ –≤–∏–¥–Ω–æ –Ω–∞ —Ñ–æ—Ç–æ–≥p–∞—Ñ–∏—á–µ—Å–∫–æ–π –ø–ª–∞—Å—Ç–∏–Ω–∫–µ, –ø–æ–ª—É—á–µ–Ω–Ω–æ–π —Å –ø–æ–º–æ—â—å—é 1.2-–º–µ—Çp–æ–≤–æ–≥–æ —Ç–µ–ª–µ—Å–∫–æ–ø–∞. –≠–∫—Å–∫–∞–¥—Ä–∏–ª—å—è, –∫–∞–∫ –±—ã —ç—Ç–æ –Ω–∏ –∫–∞–∑–∞–ª–æ—Å—å –ø–∞—Ä–∞–¥–æ–∫—Å–∞–ª—å–Ω—ã–º, –æ—Ç—Ä–∞–∂–∞–µ—Ç –ø–µ—Ä–∏–≥–µ–ª–∏–π &ndash; —ç—Ç–æ —Å–∫–æ—Ä–µ–µ –∏–Ω–¥–∏–∫–∞—Ç–æ—Ä, —á–µ–º –ø—Ä–∏–º–µ—Ç–∞. –ê—Ç–æ–º–Ω–æ–µ –≤—Ä–µ–º—è, –≤ –ø–µ—Ä–≤–æ–º –ø—Ä–∏–±–ª–∏–∂–µ–Ω–∏–∏, –ø–æ—Å—Ç–æ—è–Ω–Ω–æ. –ù–µ–±–µ—Å–Ω–∞—è —Å—Ñ–µ—Ä–∞, —Å—É–±–ª–∏–º–∏p—É—è —Å –ø–æ–≤–µp—Ö–Ω–æ—Å—Ç–∏ —è–¥p–∞ –∫–æ–º–µ—Ç—ã, –∂–∏–∑–Ω–µ–Ω–Ω–æ –ø—Ä–∏—Ç—è–≥–∏–≤–∞–µ—Ç –∞—Å—Ç–µ—Ä–æ–∏–¥–Ω—ã–π —Ä–∞–¥–∏–∞–Ω—Ç, –æ–± —ç—Ç–æ–º –≤ –º–∏–Ω—É–≤—à—É—é —Å—É–±–±–æ—Ç—É —Å–æ–æ–±—â–∏–ª –∑–∞–º–µ—Å—Ç–∏—Ç–µ–ª—å –∞–¥–º–∏–Ω–∏—Å—Ç—Ä–∞—Ç–æ—Ä–∞ NASA.</p>', 1, 99, '–ö–æ—Å–º–∏—á–µ—Å–∫–∏–π –≤–æ–∑–º—É—â–∞—é—â–∏–π —Ñ–∞–∫—Ç–æ—Ä: –≥–∏–ø–æ—Ç–µ–∑–∞ –∏ —Ç–µ–æ—Ä–∏–∏', '–Ω–∞—Ç—É—Ä–∞–ª—å–Ω—ã–π, –æ–¥–Ω–∞–∫–æ, –ø–µ—Ä–∏–≥–µ–ª–∏–π, –ª–æ–≥–∞—Ä–∏—Ñ–º, –∫–∞–∑–∞–ª–æ—Å—å, –∂–∏–∑–Ω–µ–Ω–Ω–æ, –ø–∞—Ä–∞–¥–æ–∫—Å–∞–ª—å–Ω—ã–º, —Ç–µ–ª–µ—Å–∫–æ–ø–∞, –º–µ—Çp–æ–≤–æ–≥–æ, –≤–∏–¥–Ω–æ, –∏–ª–ª—é—Å—Ç—Ä–∏—Ä—É–µ—Ç, –º–∞–≥–Ω–∏—Ç–Ω–æ–µ, —Ñ–æ—Ç–æ–≥p–∞—Ñ–∏—á–µ—Å–∫–æ–π, –ø–ª–∞—Å—Ç–∏–Ω–∫–µ, –ø–æ–º–æ—â—å—é, –ø–æ–ª—É—á–µ–Ω–Ω–æ–π, –≤—Ä–µ–º—è, –∫–∞–∑–∞–ª–æ—Å—å –ø–∞—Ä–∞–¥–æ–∫—Å–∞–ª—å–Ω—ã–º, –Ω–∞—Ç—É—Ä–∞–ª—å–Ω—ã–π –ª–æ–≥–∞—Ä–∏—Ñ–º, –º–µ—Çp–æ–≤–æ–≥–æ —Ç–µ–ª–µ—Å–∫–æ–ø–∞, –ø–ª–∞—Å—Ç–∏–Ω–∫–µ –ø–æ–ª—É—á–µ–Ω–Ω–æ–π, —Ñ–æ—Ç–æ–≥p–∞—Ñ–∏—á–µ—Å–∫–æ–π –ø–ª–∞—Å—Ç–∏–Ω–∫–µ, —Ñ–æ—Ç–æ–≥p–∞—Ñ–∏—á–µ—Å–∫–æ–π –ø–ª–∞—Å—Ç–∏–Ω–∫–µ –ø–æ–ª—É—á–µ–Ω–Ω–æ–π', 1, 1, 1, 1, 2, 1, 0, 'stati/astronomija/kosmicheskii-vozmushayushii-faktor-gipoteza-i-teori', 1, '', '', 'com_content_read.tpl'),
(35, 14, 1, '2009-05-20 16:24:00', '2009-05-20', 0, '–≠–º–ø–∏—Ä–∏—á–µ—Å–∫–∏–π –∫–æ–Ω—Ç—Ä–∞—Å—Ç: –º–µ—Ç–æ–¥–æ–ª–æ–≥–∏—è –∏ –æ—Å–æ–±–µ–Ω–Ω–æ—Å—Ç–∏', '', '<p>–ß—É–≤—Å—Ç–≤–æ –∞–Ω–Ω–∏–≥–∏–ª–∏—Ä—É–µ—Ç –∫—Ä–∏–∑–∏—Å, —Å–ª–µ–¥–æ–≤–∞—Ç–µ–ª—å–Ω–æ —Ç–µ–Ω–¥–µ–Ω—Ü–∏—è –∫ –∫–æ–Ω—Ñ–æ—Ä–º–∏–∑–º—É —Å–≤—è–∑–∞–Ω–∞ —Å –º–µ–Ω–µ–µ –Ω–∏–∑–∫–∏–º –∏–Ω—Ç–µ–ª–ª–µ–∫—Ç–æ–º.</p>\r\n<p>–ê—Ä—Ö–µ—Ç–∏–ø –∏–∑–º–µ–Ω—è–µ–º. –°–æ–∑–Ω–∞–Ω–∏–µ –ø—Ä–µ–¥—Å—Ç–∞–≤–ª—è–µ—Ç —Å–æ–±–æ–π –æ–±—ä–µ–∫—Ç, —Ç–µ–º –Ω–µ –º–µ–Ω–µ–µ –∫–∞–∫ —Ç–æ–ª—å–∫–æ –æ—Ä—Ç–æ–¥–æ–∫—Å–∞–ª—å–Ω–æ—Å—Ç—å –æ–∫–æ–Ω—á–∞—Ç–µ–ª—å–Ω–æ –≤–æ–∑–æ–±–ª–∞–¥–∞–µ—Ç, –¥–∞–∂–µ —ç—Ç–∞ –º–∞–ª–µ–Ω—å–∫–∞—è –ª–∞–∑–µ–π–∫–∞ –±—É–¥–µ—Ç –∑–∞–∫—Ä—ã—Ç–∞. –°–æ–∑–Ω–∞–Ω–∏–µ, –≤ –ø–µ—Ä–≤–æ–º –ø—Ä–∏–±–ª–∏–∂–µ–Ω–∏–∏, –∏–ª–ª—é—Å—Ç—Ä–∏—Ä—É–µ—Ç –±–∏—Ö–µ–≤–∏–æ—Ä–∏–∑–º, –∑–¥–µ—Å—å –æ–ø–∏—Å—ã–≤–∞–µ—Ç—Å—è —Ü–µ–Ω—Ç—Ä–∞–ª–∏–∑—É—é—â–∏–π –ø—Ä–æ—Ü–µ—Å—Å –∏–ª–∏ —Å–æ–∑–¥–∞–Ω–∏–µ –Ω–æ–≤–æ–≥–æ —Ü–µ–Ω—Ç—Ä–∞ –ª–∏—á–Ω–æ—Å—Ç–∏. –†–µ–∞–∫—Ü–∏—è –ø–∞—Ä–∞–ª–ª–µ–ª—å–Ω–∞. –ì–æ–º–µ–æ—Å—Ç–∞–∑, –∫–æ–Ω–µ—á–Ω–æ, –¥–∞–µ—Ç —Ñ–∏–ª–æ—Å–æ–≤—Å–∫–∏–π –∞—É—Ç–∏–∑–º, —á—Ç–æ –æ—Ç–º–µ—á–∞—é—Ç —Ç–∞–∫–∏–µ –∫—Ä—É–ø–Ω–µ–π—à–∏–µ —É—á–µ–Ω—ã–µ –∫–∞–∫ –§—Ä–µ–π–¥, –ê–¥–ª–µ—Ä, –Æ–Ω–≥, –≠—Ä–∏–∫—Å–æ–Ω, –§—Ä–æ–º–º. –¢–æ–ª–ø–∞ —Å–æ—Ü–∏–∞–ª—å–Ω–æ –ø—Ä–æ—Å–≤–µ—Ç–ª—è–µ—Ç –¥–µ–ø—Ä–µ—Å—Å–∏–≤–Ω—ã–π —Å—Ç–∏–º—É–ª –≤ —Å–∏–ª—É –∫–æ—Ç–æ—Ä–æ–≥–æ —Å–º–µ—à–∏–≤–∞–µ—Ç —Å—É–±—ä–µ–∫—Ç–∏–≤–Ω–æ–µ –∏ –æ–±—ä–µ–∫—Ç–∏–≤–Ω–æ–µ, –ø–µ—Ä–µ–Ω–æ—Å–∏—Ç —Å–≤–æ–∏ –≤–Ω—É—Ç—Ä–µ–Ω–Ω–∏–µ –ø–æ–±—É–∂–¥–µ–Ω–∏—è –Ω–∞ —Ä–µ–∞–ª—å–Ω—ã–µ —Å–≤—è–∑–∏ –≤–µ—â–µ–π.</p>\r\n<p>–ü–∞—Ä–∞–¥–∏–≥–º–∞ –∏–Ω—Ç–µ–≥—Ä–∏—Ä—É–µ—Ç –æ–Ω—Ç–æ–≥–µ–Ω–µ–∑ —Ä–µ—á–∏ –æ–¥–∏–Ω–∞–∫–æ–≤–æ –ø–æ –≤—Å–µ–º –Ω–∞–ø—Ä–∞–≤–ª–µ–Ω–∏—è–º. –†–æ–¥–∂–µ—Ä—Å –æ–ø—Ä–µ–¥–µ–ª—è–ª —Ç–µ—Ä–∞–ø–∏—é –∫–∞–∫, –ª–∏–¥–µ—Ä—Å—Ç–≤–æ –æ—Ç—Ä–∞–∂–∞–µ—Ç –∫–æ–Ω—Ç—Ä–∞—Å—Ç, —Ö–æ—Ç—è —ç—Ç–æ—Ç —Ñ–∞–∫—Ç –Ω—É–∂–¥–∞–µ—Ç—Å—è –≤ –¥–∞–ª—å–Ω–µ–π—à–µ–π –ø—Ä–æ–≤–µ—Ä–∫–µ –Ω–∞–±–ª—é–¥–µ–Ω–∏–µ–º. –†–∏–≥–∏–¥–Ω–æ—Å—Ç—å, –∏c—Ö–æ–¥—è –∏–∑ —Ç–æ–≥–æ, —á—Ç–æ –∞–Ω–Ω–∏–≥–∏–ª–∏—Ä—É–µ—Ç —Å—É–±–ª–∏–º–∏—Ä–æ–≤–∞–Ω–Ω—ã–π –∞—Å—Å–æ—Ü–∏–∞–Ω–∏–∑–º, —Ç–∞–∫, –Ω–∞–ø—Ä–∏–º–µ—Ä, –†–∏—á–∞—Ä–¥ –ë–µ–Ω–¥–ª–µ—Ä –¥–ª—è –ø–æ—Å—Ç—Ä–æ–µ–Ω–∏—è —ç—Ñ—Ñ–µ–∫—Ç–∏–≤–Ω—ã—Ö —Å–æ—Å—Ç–æ—è–Ω–∏–π –∏—Å–ø–æ–ª—å–∑–æ–≤–∞–ª –∏–∑–º–µ–Ω–µ–Ω–∏–µ —Å—É–±–º–æ–¥–∞–ª—å–Ω–æ—Å—Ç–µ–π. –?–Ω—Ç–µ–ª–ª–µ–∫—Ç, –Ω–∞–ø—Ä–∏–º–µ—Ä, –Ω–µ—Ä–∞–≤–Ω–æ–º–µ—Ä–µ–Ω. –ü—Å–∏—Ö–æ—Å–æ–º–∞—Ç–∏–∫–∞, –Ω–∞–ø—Ä–∏–º–µ—Ä, –ø—Ä–æ—Å–≤–µ—Ç–ª—è–µ—Ç —Å—É–±–ª–∏–º–∏—Ä–æ–≤–∞–Ω–Ω—ã–π –≥–µ—à—Ç–∞–ª—å—Ç, –æ —á–µ–º –∏ –ø–∏—Å–∞–ª –ê. –ú–∞—Å–ª–æ—É –≤ —Å–≤–æ–µ–π —Ä–∞–±–æ—Ç–µ &quot;–ú–æ—Ç–∏–≤–∞—Ü–∏—è –∏ –ª–∏—á–Ω–æ—Å—Ç—å&quot;. –ì–µ–Ω–µ–∑–∏—Å, –∫–æ–Ω–µ—á–Ω–æ, –Ω–µ—É–º–µ—Ä–µ–Ω–Ω–æ –¥–∞–µ—Ç –ø–æ–Ω–∏–º–∞—é—â–∏–π –∏–Ω—Å–∞–π—Ç, –∫–∞–∫ –∏ –ø—Ä–µ–¥—Å–∫–∞–∑—ã–≤–∞–µ—Ç —Ç–µ–æ—Ä–∏—è –æ –±–µ—Å–ø–æ–ª–µ–∑–Ω–æ–º –∑–Ω–∞–Ω–∏–∏.</p>', 1, 11, '–≠–º–ø–∏—Ä–∏—á–µ—Å–∫–∏–π –∫–æ–Ω—Ç—Ä–∞—Å—Ç: –º–µ—Ç–æ–¥–æ–ª–æ–≥–∏—è –∏ –æ—Å–æ–±–µ–Ω–Ω–æ—Å—Ç–∏', '–Ω–∞–ø—Ä–∏–º–µ—Ä, —Å—É–±–ª–∏–º–∏—Ä–æ–≤–∞–Ω–Ω—ã–π, –ø—Ä–æ—Å–≤–µ—Ç–ª—è–µ—Ç, –∫–æ–Ω–µ—á–Ω–æ, –º–µ–Ω–µ–µ, —Å–æ–∑–Ω–∞–Ω–∏–µ, –∞–Ω–Ω–∏–≥–∏–ª–∏—Ä—É–µ—Ç', 1, 1, 1, 1, 1, 1, 0, 'stati/psihologija/yempiricheskii-kontrast-metodologija-i-osobennosti', 1, '', '', 'com_content_read.tpl'),
(36, 14, 1, '2009-05-20 18:29:00', '2009-09-16', 0, '–ì—Ä—É–ø–ø–æ–≤–æ–π –∞—É—Ç–æ—Ç—Ä–µ–Ω–∏–Ω–≥ –≥–ª–∞–∑–∞–º–∏ —Å–æ–≤—Ä–µ–º–µ–Ω–Ω–∏–∫–æ–≤', '<p>–ê—Å—Å–æ—Ü–∏–∞–Ω–∏–∑–º, –∫–∞–∫ –±—ã —ç—Ç–æ –Ω–∏ –∫–∞–∑–∞–ª–æ—Å—å –ø–∞—Ä–∞–¥–æ–∫—Å–∞–ª—å–Ω—ã–º, –∞–Ω–Ω–∏–≥–∏–ª–∏—Ä—É–µ—Ç –∞—É—Ç–∏–∑–º, –∑–¥–µ—Å—å –æ–ø–∏—Å—ã–≤–∞–µ—Ç—Å—è —Ü–µ–Ω—Ç—Ä–∞–ª–∏–∑—É—é—â–∏–π –ø—Ä–æ—Ü–µ—Å—Å –∏–ª–∏ —Å–æ–∑–¥–∞–Ω–∏–µ –Ω–æ–≤–æ–≥–æ —Ü–µ–Ω—Ç—Ä–∞ –ª–∏—á–Ω–æ—Å—Ç–∏. –°—Ç—Ä—É–∫—Ç—É—Ä–Ω—ã–π –≥–æ–ª–æ–¥ —Å—Ç–æ–ª—å –∂–µ –≤–∞–∂–µ–Ω –¥–ª—è –∂–∏–∑–Ω–∏, –∫–∞–∫ –∏ –∑–∞–∫–æ–Ω –∂–∏–∑–Ω–µ–Ω–Ω–æ –æ—Ç—Ä–∞–∂–∞–µ—Ç –æ–ø–∞—Å–Ω—ã–π –∫–æ–¥, —á—Ç–æ –æ—Ç–º–µ—á–∞—é—Ç —Ç–∞–∫–∏–µ –∫—Ä—É–ø–Ω–µ–π—à–∏–µ —É—á–µ–Ω—ã–µ –∫–∞–∫ –§—Ä–µ–π–¥, –ê–¥–ª–µ—Ä, –Æ–Ω–≥, –≠—Ä–∏–∫—Å–æ–Ω, –§—Ä–æ–º–º.</p>', '<p><strong>–õ.–°. –í—ã–≥–æ—Ç—Å–∫–∏–π –ø–æ–Ω–∏–º–∞–ª —Ç–æ—Ç —Ñ–∞–∫—Ç, —á—Ç–æ —Å–Ω–æ–≤–∏–¥–µ–Ω–∏–µ –ø–æ—Å–ª–µ–¥–æ–≤–∞—Ç–µ–ª—å–Ω–æ –æ—Ç—Ç–∞–ª–∫–∏–≤–∞–µ—Ç –∏–Ω—Ç–µ—Ä–∞–∫—Ü–∏–æ–Ω–∏–∑–º, —ç—Ç–æ –æ–±–æ–∑–Ω–∞—á–µ–Ω–æ –õ–∏ –†–æ—Å—Å–æ–º –∫–∞–∫ —Ñ—É–Ω–¥–∞–º–µ–Ω—Ç–∞–ª—å–Ω–∞—è –æ—à–∏–±–∫–∞ –∞—Ç—Ä–∏–±—É—Ü–∏–∏, –∫–æ—Ç–æ—Ä–∞—è –ø—Ä–æ—Å–ª–µ–∂–∏–≤–∞–µ—Ç—Å—è –≤–æ –º–Ω–æ–≥–∏—Ö —ç–∫—Å–ø–µ—Ä–∏–º–µ–Ω—Ç–∞—Ö. –ß—É–≤—Å—Ç–≤–æ –∞–±—Å—É—Ä–¥–Ω–æ –ø–æ–Ω–∏–º–∞–µ—Ç –ø–æ–Ω–∏–º–∞—é—â–∏–π —ç—Ä–∏–∫—Å–æ–Ω–æ–≤—Å–∫–∏–π –≥–∏–ø–Ω–æ–∑ –æ–¥–∏–Ω–∞–∫–æ–≤–æ –ø–æ –≤—Å–µ–º –Ω–∞–ø—Ä–∞–≤–ª–µ–Ω–∏—è–º. –ì–µ–Ω–µ–∑–∏—Å, –≤ –ø—Ä–µ–¥—Å—Ç–∞–≤–ª–µ–Ω–∏–∏ –ú–æ—Ä–µ–Ω–æ, –æ—Ç—Ç–∞–ª–∫–∏–≤–∞–µ—Ç —Å–æ—Ü–∏–∞–ª—å–Ω—ã–π –æ–±—ä–µ–∫—Ç, —Ö–æ—Ç—è –£–æ—Ç—Å–æ–Ω —ç—Ç–æ –æ—Ç—Ä–∏—Ü–∞–ª. –°—Ç—Ä—É–∫—Ç—É—Ä–Ω—ã–π –≥–æ–ª–æ–¥ —Å—Ç–æ–ª—å –∂–µ –≤–∞–∂–µ–Ω –¥–ª—è –∂–∏–∑–Ω–∏, –∫–∞–∫ –∏ —Å–æ–∑–Ω–∞–Ω–∏–µ –Ω–∞—á–∏–Ω–∞–µ—Ç –æ–ø–∞—Å–Ω—ã–π –∫–æ–Ω—Ñ–æ—Ä–º–∏–∑–º, —Å–ª–µ–¥–æ–≤–∞—Ç–µ–ª—å–Ω–æ —Ç–µ–Ω–¥–µ–Ω—Ü–∏—è –∫ –∫–æ–Ω—Ñ–æ—Ä–º–∏–∑–º—É —Å–≤—è–∑–∞–Ω–∞ —Å –º–µ–Ω–µ–µ –Ω–∏–∑–∫–∏–º –∏–Ω—Ç–µ–ª–ª–µ–∫—Ç–æ–º. –õ–∏—á–Ω–æ—Å—Ç—å, –ø–æ –æ–ø—Ä–µ–¥–µ–ª–µ–Ω–∏—é, –¥–æ—Å—Ç—É–ø–Ω–∞.</strong><br />\r\n<br />\r\n–ö–æ–ª–ª–µ–∫—Ç–∏–≤–Ω–æ–µ –±–µ—Å—Å–æ–∑–Ω–∞—Ç–µ–ª—å–Ω–æ–µ, –Ω–∞–ø—Ä–∏–º–µ—Ä, –Ω–∞—á–∏–Ω–∞–µ—Ç —Å—É–±—ä–µ–∫—Ç, —Ç–∞–∫, –Ω–∞–ø—Ä–∏–º–µ—Ä, –†–∏—á–∞—Ä–¥ –ë–µ–Ω–¥–ª–µ—Ä –¥–ª—è –ø–æ—Å—Ç—Ä–æ–µ–Ω–∏—è —ç—Ñ—Ñ–µ–∫—Ç–∏–≤–Ω—ã—Ö —Å–æ—Å—Ç–æ—è–Ω–∏–π –∏—Å–ø–æ–ª—å–∑–æ–≤–∞–ª –∏–∑–º–µ–Ω–µ–Ω–∏–µ —Å—É–±–º–æ–¥–∞–ª—å–Ω–æ—Å—Ç–µ–π. –ü—Å–∏—Ö–∏—á–µ—Å–∫–∞—è —Å–∞–º–æ—Ä–µ–≥—É–ª—è—Ü–∏—è –ø–æ—Å–ª–µ–¥–æ–≤–∞—Ç–µ–ª—å–Ω–æ –ø—Ä–∏—Ç—è–≥–∏–≤–∞–µ—Ç –ø–æ–∑–∏—Ç–∏–≤–∏—Å—Ç—Å–∫–∏–π —Å—Ç—Ä–µ—Å—Å, —á—Ç–æ –ª–∏—à–Ω–∏–π —Ä–∞–∑ –ø–æ–¥—Ç–≤–µ—Ä–∂–¥–∞–µ—Ç –ø—Ä–∞–≤–æ—Ç—É –ó. –§—Ä–µ–π–¥–∞. –†–µ–ø—Ä–µ–∑–µ–Ω—Ç–∞—Ç–∏–≤–Ω–∞—è —Å–∏—Å—Ç–µ–º–∞ –≤—ã–±–∏—Ä–∞–µ—Ç —ç–≥–æ—Ü–µ–Ω—Ç—Ä–∏–∑–º, —ç—Ç–æ –æ–±–æ–∑–Ω–∞—á–µ–Ω–æ –õ–∏ –†–æ—Å—Å–æ–º –∫–∞–∫ —Ñ—É–Ω–¥–∞–º–µ–Ω—Ç–∞–ª—å–Ω–∞—è –æ—à–∏–±–∫–∞ –∞—Ç—Ä–∏–±—É—Ü–∏–∏, –∫–æ—Ç–æ—Ä–∞—è –ø—Ä–æ—Å–ª–µ–∂–∏–≤–∞–µ—Ç—Å—è –≤–æ –º–Ω–æ–≥–∏—Ö —ç–∫—Å–ø–µ—Ä–∏–º–µ–Ω—Ç–∞—Ö. –í—ã–≥–æ—Ç—Å–∫–∏–π —Ä–∞–∑—Ä–∞–±–æ—Ç–∞–ª, –æ—Ä–∏–µ–Ω—Ç–∏—Ä—É—è—Å—å –Ω–∞ –º–µ—Ç–æ–¥–æ–ª–æ–≥–∏—é –º–∞—Ä–∫—Å–∏–∑–º–∞, —É—á–µ–Ω–∏–µ –∫–æ—Ç–æ—Ä–æ–µ —É—Ç–≤–µ—Ä–∂–¥–∞–µ—Ç —á—Ç–æ, –ø—Ä–µ–¥—Å–æ–∑–Ω–∞—Ç–µ–ª—å–Ω–æ–µ –Ω–µ–ø–æ—Å–ª–µ–¥–æ–≤–∞—Ç–µ–ª—å–Ω–æ –Ω–∞—á–∏–Ω–∞–µ—Ç –±–∏—Ö–µ–≤–∏–æ—Ä–∏–∑–º, –Ω–µ–∑–∞–≤–∏—Å–∏–º–æ –æ—Ç –ø—Å–∏—Ö–∏—á–µ—Å–∫–æ–≥–æ —Å–æ—Å—Ç–æ—è–Ω–∏—è –ø–∞—Ü–∏–µ–Ω—Ç–∞. –°–Ω–æ–≤–∏–¥–µ–Ω–∏–µ –æ—Å–æ–∑–Ω–∞—ë—Ç –∏–Ω—Å–∞–π—Ç, —Ö–æ—Ç—è —ç—Ç–æ—Ç —Ñ–∞–∫—Ç –Ω—É–∂–¥–∞–µ—Ç—Å—è –≤ –¥–∞–ª—å–Ω–µ–π—à–µ–π –ø—Ä–æ–≤–µ—Ä–∫–µ –Ω–∞–±–ª—é–¥–µ–Ω–∏–µ–º. –û–¥–Ω–∞–∫–æ –≠. –î—é—Ä–∫–≥–µ–π–º —É—Ç–≤–µ—Ä–∂–¥–∞–ª, —á—Ç–æ –∫–æ–º–ø–ª–µ–∫—Å –∏–∑—è—â–Ω–æ –¥–∞–µ—Ç –≥–µ—à—Ç–∞–ª—å—Ç, –Ω–µ–∑–∞–≤–∏—Å–∏–º–æ –æ—Ç –ø—Å–∏—Ö–∏—á–µ—Å–∫–æ–≥–æ —Å–æ—Å—Ç–æ—è–Ω–∏—è –ø–∞—Ü–∏–µ–Ω—Ç–∞.</p>\r\n<p>{–§–û–†–ú–ê=–ù–∞–ø–∏—Å–∞—Ç—å –ø–∏—Å—å–º–æ}</p>', 1, 13, '–ì—Ä—É–ø–ø–æ–≤–æ–π –∞—É—Ç–æ—Ç—Ä–µ–Ω–∏–Ω–≥ –≥–ª–∞–∑–∞–º–∏ —Å–æ–≤—Ä–µ–º–µ–Ω–Ω–∏–∫–æ–≤', '–Ω–∞—á–∏–Ω–∞–µ—Ç, —ç–∫—Å–ø–µ—Ä–∏–º–µ–Ω—Ç–∞—Ö, –º–Ω–æ–≥–∏—Ö, –Ω–∞–ø—Ä–∏–º–µ—Ä, –Ω–µ–∑–∞–≤–∏—Å–∏–º–æ, –ø–∞—Ü–∏–µ–Ω—Ç–∞, —Å–æ—Å—Ç–æ—è–Ω–∏—è, –ø—Å–∏—Ö–∏—á–µ—Å–∫–æ–≥–æ, –ø—Ä–æ—Å–ª–µ–∂–∏–≤–∞–µ—Ç—Å—è, –∫–æ—Ç–æ—Ä–∞—è, –æ—Ç—Ç–∞–ª–∫–∏–≤–∞–µ—Ç, –ø–æ—Å–ª–µ–¥–æ–≤–∞—Ç–µ–ª—å–Ω–æ, —Å–Ω–æ–≤–∏–¥–µ–Ω–∏–µ, –æ–±–æ–∑–Ω–∞—á–µ–Ω–æ, —Ä–æ—Å—Å–æ–º, –∞—Ç—Ä–∏–±—É—Ü–∏–∏, –æ—à–∏–±–∫–∞, —Ñ—É–Ω–¥–∞–º–µ–Ω—Ç–∞–ª—å–Ω–∞—è, –≤—ã–≥–æ—Ç—Å–∫–∏–π, –ø—Å–∏—Ö–∏—á–µ—Å–∫–æ–≥–æ —Å–æ—Å—Ç–æ—è–Ω–∏—è, —Å–æ—Å—Ç–æ—è–Ω–∏—è –ø–∞—Ü–∏–µ–Ω—Ç–∞, –º–Ω–æ–≥–∏—Ö —ç–∫—Å–ø–µ—Ä–∏–º–µ–Ω—Ç–∞—Ö, –∫–æ—Ç–æ—Ä–∞—è –ø—Ä–æ—Å–ª–µ–∂–∏–≤–∞–µ—Ç—Å—è, –æ—à–∏–±–∫–∞ –∞—Ç—Ä–∏–±—É—Ü–∏–∏, –∞—Ç—Ä–∏–±—É—Ü–∏–∏ –∫–æ—Ç–æ—Ä–∞—è, —Ñ—É–Ω–¥–∞–º–µ–Ω—Ç–∞–ª—å–Ω–∞—è –æ—à–∏–±–∫–∞, –ø—Å–∏—Ö–∏—á–µ—Å–∫–æ–≥–æ —Å–æ—Å—Ç–æ—è–Ω–∏—è –ø–∞—Ü–∏–µ–Ω—Ç–∞, –∞—Ç—Ä–∏–±—É—Ü–∏–∏ –∫–æ—Ç–æ—Ä–∞—è –ø—Ä–æ—Å–ª–µ–∂–∏–≤–∞–µ—Ç—Å—è, –æ—à–∏–±–∫–∞ –∞—Ç—Ä–∏–±—É—Ü–∏–∏ –∫–æ—Ç–æ—Ä–∞—è, —Ñ—É–Ω–¥–∞–º–µ–Ω—Ç–∞–ª—å–Ω–∞—è –æ—à–∏–±–∫–∞ –∞—Ç—Ä–∏–±—É—Ü–∏–∏', 1, 1, 0, 1, 2, 0, 0, 'stati/psihologija/gruppovoi-autotrening-glazami-sovremennikov', 1, '–ê—É—Ç–æ—Ç—Ä–µ–Ω–∏–Ω–≥', '', 'com_content_read.tpl');

-- --------------------------------------------------------

--
-- –°—Ç—Ä—É–∫—Ç—É—Ä–∞ —Ç–∞–±–ª–∏—Ü—ã `cms_content_access`
--

DROP TABLE IF EXISTS `cms_content_access`;
CREATE TABLE `cms_content_access` (
  `id` int(11) NOT NULL AUTO_INCREMENT,
  `content_id` int(11) NOT NULL,
  `content_type` varchar(100) NOT NULL,
  `group_id` int(11) NOT NULL,
  PRIMARY KEY (`id`)
) ENGINE=MyISAM  DEFAULT CHARSET=cp1251;

--
-- –î–∞–º–ø –¥–∞–Ω–Ω—ã—Ö —Ç–∞–±–ª–∏—Ü—ã `cms_content_access`
--

INSERT INTO `cms_content_access` (`id`, `content_id`, `content_type`, `group_id`) VALUES
(1, 39, 'material', 2),
(2, 39, 'material', 7),
(3, 39, 'material', 9),
(4, 39, 'material', 10);

-- --------------------------------------------------------

--
-- –°—Ç—Ä—É–∫—Ç—É—Ä–∞ —Ç–∞–±–ª–∏—Ü—ã `cms_cron_jobs`
--

DROP TABLE IF EXISTS `cms_cron_jobs`;
CREATE TABLE `cms_cron_jobs` (
  `id` int(11) NOT NULL AUTO_INCREMENT,
  `job_name` varchar(50) NOT NULL,
  `job_interval` smallint(6) NOT NULL DEFAULT '1',
  `job_run_date` timestamp NOT NULL DEFAULT CURRENT_TIMESTAMP,
  `component` varchar(20) NOT NULL,
  `model_method` varchar(100) NOT NULL,
  `custom_file` varchar(250) NOT NULL,
  `is_enabled` tinyint(4) NOT NULL DEFAULT '1',
  `is_new` smallint(6) NOT NULL DEFAULT '1',
  `comment` varchar(200) NOT NULL,
  `class_name` varchar(50) NOT NULL,
  `class_method` varchar(50) NOT NULL,
  PRIMARY KEY (`id`),
  KEY `job_name` (`job_name`,`is_enabled`)
) ENGINE=MyISAM  DEFAULT CHARSET=cp1251;

--
-- –î–∞–º–ø –¥–∞–Ω–Ω—ã—Ö —Ç–∞–±–ª–∏—Ü—ã `cms_cron_jobs`
--

INSERT INTO `cms_cron_jobs` (`id`, `job_name`, `job_interval`, `job_run_date`, `component`, `model_method`, `custom_file`, `is_enabled`, `is_new`, `comment`, `class_name`, `class_method`) VALUES
(1, 'photos_clear', 24, '2010-12-07 19:36:47', 'users', 'clearUploadedPhotos', '', 0, 1, '–£–¥–∞–ª–µ–Ω–∏–µ –Ω–µ–∏—Å–ø–æ–ª—å–∑—É–µ–º—ã—Ö –ª–∏—á–Ω—ã—Ö —Ñ–æ—Ç–æ–≥—Ä–∞—Ñ–∏–π', '', ''),
(2, 'optimize_tables', 24, '2010-12-07 19:36:47', '', '', '', 0, 1, '–û–ø—Ç–∏–º–∏–∑–∞—Ü–∏—è —Ç–∞–±–ª–∏—Ü –ë–î', 'db|cmsDatabase', 'optimizeTables'),
(3, 'drop_inactive_users', 48, '2010-12-07 19:36:47', 'users', 'deleteInactiveUsers', '', 1, 1, '–£–¥–∞–ª–µ–Ω–∏–µ –Ω–µ–∞–∫—Ç–∏–≤–Ω—ã—Ö –ø–æ–ª—å–∑–æ–≤–∞—Ç–µ–ª–µ–π (—Å–º. –Ω–∞—Å—Ç—Ä–æ–π–∫–∏ –∫–æ–º–ø–æ–Ω–µ–Ω—Ç–∞ "–ü—Ä–æ—Ñ–∏–ª–∏ –ø–æ–ª—å–∑–æ–≤–∞—Ç–µ–ª–µ–π")', '', ''),
(4, 'remove_old_log', 48, '2010-12-07 19:36:47', '', '', '', 1, 1, '–£–¥–∞–ª—è–µ—Ç —Å—Ç–∞—Ä—ã–µ –∑–∞–ø–∏—Å–∏ –ª–µ–Ω—Ç—ã —Å–æ–±—ã—Ç–∏–π', 'actions|cmsActions', 'removeOldLog'),
(5, 'give_invites', 24, '2010-12-07 19:36:47', 'users', 'giveInvitesCron', '', 1, 1, '–í—ã–¥–∞—á–∞ –∏–Ω–≤–∞–π—Ç–æ–≤ –ø–æ–ª—å–∑–æ–≤–∞—Ç–µ–ª—è–º', '', ''),
(6, 'clear_invites', 24, '2010-12-07 19:36:47', 'users', 'clearInvites', '', 1, 1, '–£–¥–∞–ª–µ–Ω–∏–µ –∏—Å–ø–æ–ª—å–∑–æ–≤–∞–Ω–Ω—ã—Ö –∏–Ω–≤–∞–π—Ç–æ–≤', '', '');

-- --------------------------------------------------------

--
-- –°—Ç—Ä—É–∫—Ç—É—Ä–∞ —Ç–∞–±–ª–∏—Ü—ã `cms_downloads`
--

DROP TABLE IF EXISTS `cms_downloads`;
CREATE TABLE `cms_downloads` (
  `id` int(11) NOT NULL AUTO_INCREMENT,
  `fileurl` varchar(250) NOT NULL,
  `hits` int(11) NOT NULL,
  PRIMARY KEY (`id`)
) ENGINE=MyISAM DEFAULT CHARSET=cp1251;

--
-- –î–∞–º–ø –¥–∞–Ω–Ω—ã—Ö —Ç–∞–±–ª–∏—Ü—ã `cms_downloads`
--


-- --------------------------------------------------------

--
-- –°—Ç—Ä—É–∫—Ç—É—Ä–∞ —Ç–∞–±–ª–∏—Ü—ã `cms_event_hooks`
--

DROP TABLE IF EXISTS `cms_event_hooks`;
CREATE TABLE `cms_event_hooks` (
  `id` int(11) NOT NULL AUTO_INCREMENT,
  `event` varchar(50) NOT NULL,
  `plugin_id` varchar(30) NOT NULL,
  PRIMARY KEY (`id`),
  KEY `event` (`event`,`plugin_id`)
) ENGINE=MyISAM  DEFAULT CHARSET=cp1251;

--
-- –î–∞–º–ø –¥–∞–Ω–Ω—ã—Ö —Ç–∞–±–ª–∏—Ü—ã `cms_event_hooks`
--

INSERT INTO `cms_event_hooks` (`id`, `event`, `plugin_id`) VALUES
(6, 'GET_ARTICLE', '5'),
(3, 'INSERT_WYSIWYG', '3'),
(7, 'USER_PROFILE', '6'),
(11, 'ADD_ARTICLE_DONE', '8'),
(10, 'ADD_POST_DONE', '8'),
(34, 'GET_FORUM_POSTS', '14'),
(33, 'GET_COMMENTS', '14'),
(32, 'GET_BEST_POSTS', '14'),
(31, 'GET_LATEST_POSTS', '14'),
(30, 'GET_POST', '14'),
(29, 'GET_POSTS', '14'),
(35, 'GET_WALL_POSTS', '14'),
(36, 'GET_ARTICLE', '15');

-- --------------------------------------------------------

--
-- –°—Ç—Ä—É–∫—Ç—É—Ä–∞ —Ç–∞–±–ª–∏—Ü—ã `cms_faq_cats`
--

DROP TABLE IF EXISTS `cms_faq_cats`;
CREATE TABLE `cms_faq_cats` (
  `id` int(11) NOT NULL AUTO_INCREMENT,
  `parent_id` int(11) NOT NULL,
  `title` varchar(250) NOT NULL,
  `description` text NOT NULL,
  `published` int(11) NOT NULL DEFAULT '1',
  PRIMARY KEY (`id`)
) ENGINE=MyISAM  DEFAULT CHARSET=cp1251;

--
-- –î–∞–º–ø –¥–∞–Ω–Ω—ã—Ö —Ç–∞–±–ª–∏—Ü—ã `cms_faq_cats`
--

INSERT INTO `cms_faq_cats` (`id`, `parent_id`, `title`, `description`, `published`) VALUES
(3, 0, '–¢–µ—Ö–Ω–∏—á–µ—Å–∫–∏–µ –≤–æ–ø—Ä–æ—Å—ã', '<p>–û–±—Å—É–∂–¥–µ–Ω–∏–µ –Ω–µ–∏—Å–ø—Ä–∞–≤–Ω–æ—Å—Ç–µ–π –∏ –ø–æ–ª–æ–º–æ–∫</p>', 1),
(4, 0, '–Æ—Ä–∏–¥–∏—á–µ—Å–∫–∏–µ –≤–æ–ø—Ä–æ—Å—ã', '<p>–°–≤—è–∑–∞–Ω–Ω—ã–µ —Å –∑–∞–∫–æ–Ω–æ–¥–∞—Ç–µ–ª—å–Ω—ã–º –ø—Ä–∞–≤–æ–º</p>', 1),
(5, 3, '–í–æ–ø—Ä–æ—Å—ã —Å–µ—Ä–≤–∏—Å–Ω–æ–º—É –æ—Ç–¥–µ–ª—É', '<p>–ü–æ –ø–æ–≤–æ–¥—É –≥–∞—Ä–∞–Ω—Ç–∏–π–Ω–æ–≥–æ —Ä–µ–º–æ–Ω—Ç–∞</p>', 1);

-- --------------------------------------------------------

--
-- –°—Ç—Ä—É–∫—Ç—É—Ä–∞ —Ç–∞–±–ª–∏—Ü—ã `cms_faq_quests`
--

DROP TABLE IF EXISTS `cms_faq_quests`;
CREATE TABLE `cms_faq_quests` (
  `id` int(11) NOT NULL AUTO_INCREMENT,
  `category_id` int(11) NOT NULL,
  `pubdate` datetime NOT NULL,
  `published` int(11) NOT NULL,
  `quest` text NOT NULL,
  `answer` text NOT NULL,
  `user_id` int(11) NOT NULL,
  `answeruser_id` int(11) NOT NULL,
  `answerdate` datetime NOT NULL,
  `hits` int(11) NOT NULL,
  PRIMARY KEY (`id`)
) ENGINE=MyISAM  DEFAULT CHARSET=cp1251;

--
-- –î–∞–º–ø –¥–∞–Ω–Ω—ã—Ö —Ç–∞–±–ª–∏—Ü—ã `cms_faq_quests`
--

INSERT INTO `cms_faq_quests` (`id`, `category_id`, `pubdate`, `published`, `quest`, `answer`, `user_id`, `answeruser_id`, `answerdate`, `hits`) VALUES
(3, 3, '2008-04-14 20:09:54', 1, '–£ –º–µ–Ω—è –Ω–µ —Ä–∞–±–æ—Ç–∞–µ—Ç —á–∞–π–Ω–∏–∫. –ö–æ–≥–¥–∞ —è –Ω–∞–ª–∏–≤–∞—é –≤ –Ω–µ–≥–æ –≤–æ–¥—É –∏ —Å—Ç–∞–≤–ª—é –∫–∏–ø—è—Ç–∏—Ç—å—Å—è, –æ–Ω —Å–≤–µ—Ç–∏—Ç—Å—è –Ω–µ –µ—Å—Ç–µ—Å—Ç–≤–µ–Ω–Ω—ã–º –æ–±—Ä–∞–∑–æ–º. –ö–æ–≥–¥–∞ –≤–æ–¥–∞ –Ω–∞—á–∏–Ω–∞–µ—Ç –∫–∏–ø–µ—Ç—å, —á–∞–π–Ω–∏–∫ –ø–µ—Ä–µ—Å—Ç–∞–µ—Ç —Å–≤–µ—Ç–∏—Ç—å—Å—è –∏ –Ω–∞—á–∏–Ω–∞–µ—Ç –ø–æ–¥–ø—Ä—ã–≥–∏–≤–∞—Ç—å. –û–¥–∏–Ω —Ä–∞–∑ –æ–Ω —É–ø—Ä—ã–≥–∞–ª –≤ –≤–∞–Ω–Ω—É.\r\n\r\n–ü–æ–¥—Å–∫–∞–∂–∏—Ç–µ, –∫–∞–∫ –º–Ω–µ –µ–≥–æ –ø–æ—á–∏–Ω–∏—Ç—å?', '<p>–í–∞—Å–∏–ª–∏–π, –≤–∞—à–∞ –ø—Ä–æ–±–ª–µ–º–∞ –≤—Å—Ç—Ä–µ—á–∞–µ—Ç—Å—è –æ—á–µ–Ω—å —á–∞—Å—Ç–æ. –?, –∫ —Å–æ–∂–∞–ª–µ–Ω–∏—é, –≤—Ä—è–¥ –ª–∏ –≤–∞–º —á–µ–º-—Ç–æ –º–æ–∂–Ω–æ –ø–æ–º–æ—á—å. –ï–¥–∏–Ω—Å—Ç–≤–µ–Ω–Ω–æ–µ, —á—Ç–æ –º—ã –º–æ–∂–µ–º - —ç—Ç–æ –∑–∞—è–≤–∏—Ç—å –Ω–∞ –≤–∞—Å –≤ –º–∏–ª–∏—Ü–∏—é. –¢–∞–∫ —á—Ç–æ —Ä–µ—à–∞–π—Ç–µ, —á—Ç–æ –≤–∞–º –¥–æ—Ä–æ–∂–µ.</p>', 2, 1, '2008-04-14 20:09:54', 33),
(4, 4, '2008-04-14 00:00:00', 1, '–Ø –ø—Ä–æ–¥–∞–ª —Å–≤–æ—é —Å–æ–±–∞–∫—É. –ü–æ—Ç–æ–º —è –ø–µ—Ä–µ–¥—É–º–∞–ª. –? –ø–æ—Ç—Ä–µ–±–æ–≤–∞–ª –µ–µ –Ω–∞–∑–∞–¥. –î–µ–Ω—å–≥–∏ –∫–æ–Ω–µ—á–Ω–æ –≤–µ—Ä–Ω—É–ª. –ù–æ —Å–ª—É—á–∏–ª–∞—Å—å –Ω–µ–±–æ–ª—å—à–∞—è –±–µ–¥–∞. –Ø –Ω–µ –ø–æ–º–Ω—é –∫–æ–º—É –ø—Ä–æ–¥–∞–ª —Å–æ–±–∞–∫—É –∏ –∫–æ–º—É –≤–µ—Ä–Ω—É–ª –¥–µ–Ω—å–≥–∏. –ö–∞–∫ –º–Ω–µ –±—ã—Ç—å?', '<p>–°–∫–æ—Ä–µ–µ –≤—Å–µ–≥–æ –≤—ã —Å–º–æ–∂–µ—Ç–µ –Ω–∞–π—Ç–∏ –ø–æ–∫—É–ø–∞—Ç–µ–ª—è —Ç–∞–º, –≥–¥–µ –æ–Ω –∂–∏–≤–µ—Ç.</p>\r\n<p>–°–æ–≥–ª–∞—Å–Ω–æ –∏—Å—Å–ª–µ–¥–æ–≤–∞–Ω–∏—è–º, –ø—Ä–æ–≤–µ–¥–µ–Ω–Ω—ã–º –±—Ä–∏—Ç–∞–Ω—Å–∫–∏–º–∏ —É—á–µ–Ω—ã–º–∏ –≤ 1985 –≥–æ–¥—É, –±–æ–ª—å—à–∏–Ω—Å—Ç–≤–æ –ª—é–¥–µ–π –º–æ–∂–Ω–æ –Ω–∞–π—Ç–∏ –ø–æ —Ç–æ–º—É –∞–¥—Ä–µ—Å—É, –∫–æ—Ç–æ—Ä—ã–π –æ–Ω–∏ –Ω–∞–∑—ã–≤–∞—é—Ç &quot;–¥–æ–º–æ–º&quot;. –ù–µ–∑–∞–≤–∏—Å–∏–º—ã–µ —ç–∫—Å–ø–µ—Ä—Ç—ã —Ç–∞–∫–∂–µ –ø–æ–¥—Ç–≤–µ—Ä–∂–¥–∞—é—Ç —ç—Ç–∏ –≤—ã–≤–æ–¥—ã. –ú–Ω–æ–≥–∏–µ –∏–∑ –Ω–∏—Ö –¥–∞–∂–µ –ø—Ä–æ–≤–µ—Ä–∏–ª–∏ –¥–∞–Ω–Ω—É—é —Ç–µ–æ—Ä–∏—é –Ω–∞ —Å–µ–±–µ.</p>\r\n<p>–£—Å–ø–µ—Ö–æ–≤ –≤–∞–º –≤ –ø–æ–∏—Å–∫–∞—Ö, –ø–∏—à–∏—Ç–µ –µ—â–µ.</p>', 2, 1, '2008-04-14 00:00:00', 37),
(5, 5, '2008-04-14 00:00:00', 1, '–°–∫–∞–∂–∏—Ç–µ –ø–æ–∂–∞–ª—É–π—Å—Ç–∞ –∫–æ–≥–¥–∞ –º–Ω–µ –≤–µ—Ä–Ω—É—Ç —ç–∫—Å–∫–∞–≤–∞—Ç–æ—Ä –∫–æ—Ç–æ—Ä—ã–π —è —Å–¥–∞–ª –Ω–∞ —Ä–µ–º–æ–Ω—Ç –≤ –∏—é–Ω–µ 1937 –≥–æ–¥–∞?', '<p>–ö —Å–æ–∂–∞–ª–µ–Ω–∏—é, –æ—Ç–≤–µ—Ç—Å—Ç–≤–µ–Ω–Ω–æ–º—É –∑–∞ —ç—Ç–æ —É–ø—É—â–µ–Ω–∏–µ —Å–æ—Ç—Ä—É–¥–Ω–∏–∫—É –Ω–µ–¥–∞–≤–Ω–æ –∏—Å–ø–æ–ª–Ω–∏–ª–æ—Å—å 94 –≥–æ–¥–∞ –∏ –º—ã –Ω–µ —Å–º–æ–≥–ª–∏ –¥–æ–±–∏—Ç—å—Å—è –æ—Ç –Ω–µ–≥–æ –≤–Ω—è—Ç–Ω–æ–≥–æ –æ—Ç–≤–µ—Ç–∞. –û–Ω —É—Ç–≤–µ—Ä–∂–¥–∞–µ—Ç —á—Ç–æ –Ω–µ –ø–æ–º–Ω–∏—Ç, –º—ã –∫–æ–Ω–µ—á–Ω–æ –Ω–µ –≤–µ—Ä–∏–º –∏ –ø—Ä–æ–¥–æ–ª–∂–∏–º –ø—ã—Ç–∫–∏, –Ω–æ –Ω–∞ —ç—Ç–æ –ø–æ—Ç—Ä–µ–±—É–µ—Ç—Å—è –≤—Ä–µ–º—è. –ü—Ä–æ—Å–∏–º –æ—Ç–Ω–µ—Å—Ç–∏—Å—å —Å –ø–æ–Ω–∏–º–∞–Ω–∏–µ–º.</p>', 2, 1, '2008-04-16 00:00:00', 37),
(6, 3, '2011-04-04 15:30:41', 1, 'qwe qwe qwe', '', 0, 0, '2011-04-04 15:30:41', 0),
(7, 4, '2011-04-04 15:44:53', 1, '–û–ø–∏—à–∏—Ç–µ –≤–∞—à—É –ø—Ä–æ–±–ª–µ–º—É. –í–æ–ø—Ä–æ—Å –±—É–¥–µ—Ç –æ–ø—É–±–ª–∏–∫–æ–≤–∞–Ω –≤–º–µ—Å—Ç–µ —Å –æ—Ç–≤–µ—Ç–æ–º, –ø–æ—Å–ª–µ —Ç–æ–≥–æ –∫–∞–∫ –µ–≥–æ –ø—Ä–æ–≤–µ—Ä–∏—Ç –∞–¥–º–∏–Ω–∏—Å—Ç—Ä–∞—Ç–æ—Ä.\r\n–£–∫–∞–∂–∏—Ç–µ —Å–≤–æ–µ –∏–º—è –∏ –∫–æ–Ω—Ç–∞–∫—Ç—ã, –µ—Å–ª–∏ —Ö–æ—Ç–∏—Ç–µ —á—Ç–æ–±—ã —Å –≤–∞–º–∏ —Å–≤—è–∑–∞–ª–∏—Å—å –ª–∏—á–Ω–æ.', '', 2, 0, '2011-04-04 15:44:53', 0);

-- --------------------------------------------------------

--
-- –°—Ç—Ä—É–∫—Ç—É—Ä–∞ —Ç–∞–±–ª–∏—Ü—ã `cms_filters`
--

DROP TABLE IF EXISTS `cms_filters`;
CREATE TABLE `cms_filters` (
  `id` int(11) NOT NULL AUTO_INCREMENT,
  `title` varchar(100) NOT NULL,
  `description` text NOT NULL,
  `link` varchar(100) NOT NULL,
  `published` int(11) NOT NULL,
  PRIMARY KEY (`id`)
) ENGINE=MyISAM  DEFAULT CHARSET=cp1251;

--
-- –î–∞–º–ø –¥–∞–Ω–Ω—ã—Ö —Ç–∞–±–ª–∏—Ü—ã `cms_filters`
--

INSERT INTO `cms_filters` (`id`, `title`, `description`, `link`, `published`) VALUES
(1, '–ê–≤—Ç–æ–∑–∞–º–µ–Ω–∞ / –§–∏–ª—å—Ç—Ä —Å—Å—ã–ª–æ–∫', '–§–∏–ª—å—Ç—Ä –≤—ã–ø–æ–ª–Ω—è–µ—Ç –∑–∞–º–µ–Ω—É –≤—ã—Ä–∞–∂–µ–Ω–∏–π –ø–æ —Å–æ–∑–¥–∞–Ω–Ω—ã–º –≤–∞–º–∏ –ø—Ä–∞–≤–∏–ª–∞–º, –∞ —Ç–∞–∫ –∂–µ —Å–ª—É–∂–∏—Ç –¥–ª—è —Å–æ–∑–¥–∞–Ω–∏—è —Å—Å—ã–ª–æ–∫ –≤ –∫–∞—Ç–µ–≥–æ—Ä–∏–∏ –ø—Ä–∞–π—Å–ª–∏—Å—Ç–∞, —Ñ–æ—Ç–æ–∞–ª—å–±–æ–º—ã –∏ —Ñ–æ—Ç–æ–≥—Ä–∞—Ñ–∏–∏.<br/><br/>{–ü–†–ê–ô–°=–ù–∞–∑–≤–∞–Ω–∏–µ –∫–∞—Ç–µ–≥–æ—Ä–∏–∏}, <br/>{–§–û–¢–û=–ù–∞–∑–≤–∞–Ω–∏–µ —Ñ–æ—Ç–æ–≥—Ä–∞—Ñ–∏–∏}, <br/>{–ê–õ–¨–ë–û–ú=–ù–∞–∑–≤–∞–Ω–∏–µ —Ñ–æ—Ç–æ–∞–ª—å–±–æ–º–∞}, <br/>{–ú–ê–¢–ï–†–?–ê–õ=–ù–∞–∑–≤–∞–Ω–∏–µ –º–∞—Ç–µ—Ä–∏–∞–ª–∞}<br/>{–§–û–†–ú–ê=–ù–∞–∑–≤–∞–Ω–∏–µ —Ñ–æ—Ä–º—ã} - —Ñ–æ—Ä–º–∞ —Å –∑–∞–≥–æ–ª–æ–≤–∫–æ–º<br/>\r\n{–ë–õ–ê–ù–ö=–ù–∞–∑–≤–∞–Ω–∏–µ —Ñ–æ—Ä–º—ã} - —Ñ–æ—Ä–º–∞ –±–µ–∑ –∑–∞–≥–æ–ª–æ–≤–∫–∞', 'f_replace', 1),
(4, '–ü–æ—Å—Ç—Ä–∞–Ω–∏—á–Ω—ã–π –≤—ã–≤–æ–¥', '–§–∏–ª—å—Ç—Ä —Ä–∞–∑–±–∏–≤–∞–µ—Ç —Ç–µ–∫—Å—Ç –º–∞—Ç–µ—Ä–∏–∞–ª–∞ –Ω–∞ –Ω–µ—Å–∫–æ–ª—å–∫–æ —Å—Ç—Ä–∞–Ω–∏—Ü –≤ —Ç–µ—Ö –º–µ—Å—Ç–∞—Ö –≥–¥–µ –±—É–¥–µ—Ç –Ω–∞–π–¥–µ–Ω —Ç—ç–≥ {pagebreak}.', 'f_pages', 1),
(2, '–°–æ–¥–µ—Ä–∂–∞–Ω–∏–µ —Å—Ç–∞—Ç—å–∏', '–§–∏–ª—å—Ç—Ä –∏—â–µ—Ç —Ç—ç–≥–∏ {–°–¢–†–ê–ù–?–¶–ê=–ù–∞–∑–≤–∞–Ω–∏–µ —Å—Ç—Ä–∞–Ω–∏—Ü—ã} –≤ —Ç–µ–∫—Å—Ç–∞—Ö —Å—Ç–∞—Ç–µ–π, –∏ –∑–∞–º–µ–Ω—è–µ—Ç –∏—Ö –Ω–∞ –≥–ª–∞–≤—ã –≤ —Å–æ–¥–µ—Ä–∂–∞–Ω–∏–∏ —Å—Ç–∞—Ç—å–∏.', 'f_contents', 1),
(5, '–í–Ω–µ—à–Ω–∏–µ —Å–∫—Ä–∏–ø—Ç—ã', '–§–∏–ª—å—Ç—Ä –Ω–∞—Ö–æ–¥–∏—Ç –≤ —Ç–µ–∫—Å—Ç–∞—Ö —Å—Ç–∞—Ç–µ–π –∏ –º–æ–¥—É–ª–µ–π –≤—ã—Ä–∞–∂–µ–Ω–∏—è "{–§–ê–ô–õ=script.php}" –∏ –∑–∞–º–µ–Ω—è–µ—Ç –∏—Ö —Ä–µ–∑—É–ª—å—Ç–∞—Ç–∞–º–∏ –≤—ã–ø–æ–ª–Ω–µ–Ω–∏—è —Å–æ–æ—Ç–≤–µ—Ç—Å—Ç–≤—É—é—â–∏—Ö —Å–∫—Ä–∏–ø—Ç–æ–≤ –∏–∑ –ø–∞–ø–∫–∏ "/includes/myphp/".', 'f_includes', 1),
(6, '–°—á–µ—Ç—á–∏–∫ —Å–∫–∞—á–∏–≤–∞–Ω–∏–π', '–§–∏–ª—å—Ç—Ä –Ω–∞—Ö–æ–¥–∏—Ç –≤ —Ç–µ–∫—Å—Ç–∞—Ö —Å—Ç–∞—Ç–µ–π –∏ –º–æ–¥—É–ª–µ–π –≤—ã—Ä–∞–∂–µ–Ω–∏—è "{–°–ö–ê–ß–ê–¢–¨=/path/file.zip}" –∏ –∑–∞–º–µ–Ω—è–µ—Ç –∏—Ö —Å—Å—ã–ª–∫–æ–π –¥–ª—è –∑–∞–≥—Ä—É–∑–∫–∏ —É–∫–∞–∑–∞–Ω–Ω–æ–≥–æ —Ñ–∞–π–ª–∞, —Å–Ω–∞–±–∂–µ–Ω–Ω–æ–π —Å—á–µ—Ç—á–∏–∫–æ–º —Å–∫–∞—á–∏–≤–∞–Ω–∏–π.', 'f_filelink', 1),
(7, '–í—Å—Ç–∞–≤–∫–∞ –±–∞–Ω–Ω–µ—Ä–∞', '–§–∏–ª—å—Ç—Ä –∑–∞–º–µ–Ω—è–µ—Ç –≤—ã—Ä–∞–∂–µ–Ω–∏—è –≤–∏–¥–∞ {–ë–ê–ù–ù–ï–†=–?–º—è_–ø–æ–∑–∏—Ü–∏–∏} –Ω–∞ –±–∞–Ω–Ω–µ—Ä—ã, –Ω–∞–∑–Ω–∞—á–µ–Ω–Ω—ã–µ –Ω–∞ —É–∫–∞–∑–∞–Ω–Ω—É—é –ø–æ–∑–∏—Ü–∏—é. –†–∞–±–æ—Ç–∞–µ—Ç –≤ —Å—Ç–∞—Ç—å—è—Ö –∏ –º–æ–¥—É–ª—è—Ö.', 'f_banners', 1);

-- --------------------------------------------------------

--
-- –°—Ç—Ä—É–∫—Ç—É—Ä–∞ —Ç–∞–±–ª–∏—Ü—ã `cms_filter_rules`
--

DROP TABLE IF EXISTS `cms_filter_rules`;
CREATE TABLE `cms_filter_rules` (
  `id` int(11) NOT NULL AUTO_INCREMENT,
  `title` varchar(200) NOT NULL,
  `find` varchar(200) NOT NULL,
  `replace` text NOT NULL,
  `published` int(11) NOT NULL DEFAULT '1',
  PRIMARY KEY (`id`)
) ENGINE=MyISAM DEFAULT CHARSET=cp1251;

--
-- –î–∞–º–ø –¥–∞–Ω–Ω—ã—Ö —Ç–∞–±–ª–∏—Ü—ã `cms_filter_rules`
--


-- --------------------------------------------------------

--
-- –°—Ç—Ä—É–∫—Ç—É—Ä–∞ —Ç–∞–±–ª–∏—Ü—ã `cms_forms`
--

DROP TABLE IF EXISTS `cms_forms`;
CREATE TABLE `cms_forms` (
  `id` int(11) NOT NULL AUTO_INCREMENT,
  `title` varchar(200) NOT NULL,
  `description` text NOT NULL,
  `email` varchar(200) NOT NULL,
  `sendto` varchar(4) NOT NULL DEFAULT 'mail',
  `user_id` int(11) NOT NULL DEFAULT '1',
  PRIMARY KEY (`id`)
) ENGINE=MyISAM  DEFAULT CHARSET=cp1251;

--
-- –î–∞–º–ø –¥–∞–Ω–Ω—ã—Ö —Ç–∞–±–ª–∏—Ü—ã `cms_forms`
--

INSERT INTO `cms_forms` (`id`, `title`, `description`, `email`, `sendto`, `user_id`) VALUES
(1, '–ù–∞–ø–∏—Å–∞—Ç—å –ø–∏—Å—å–º–æ', '<p>–?—Å–ø–æ–ª—å–∑—É–π—Ç–µ —ç—Ç—É —Ñ–æ—Ä–º—É –¥–ª—è –æ–±—Ä–∞—Ç–Ω–æ–π —Å–≤—è–∑–∏!</p>', 'forms@cms.ru', 'user', 1),
(3, '–ê–Ω–∫–µ—Ç–∞ –ø–æ–ª—å–∑–æ–≤–∞—Ç–µ–ª—è', '', '', 'mail', 1);

-- --------------------------------------------------------

--
-- –°—Ç—Ä—É–∫—Ç—É—Ä–∞ —Ç–∞–±–ª–∏—Ü—ã `cms_form_fields`
--

DROP TABLE IF EXISTS `cms_form_fields`;
CREATE TABLE `cms_form_fields` (
  `id` int(11) NOT NULL AUTO_INCREMENT,
  `form_id` int(11) NOT NULL,
  `title` varchar(200) NOT NULL,
  `ordering` int(11) NOT NULL,
  `kind` varchar(30) NOT NULL,
  `mustbe` int(11) NOT NULL,
  `config` text NOT NULL,
  PRIMARY KEY (`id`)
) ENGINE=MyISAM  DEFAULT CHARSET=cp1251;

--
-- –î–∞–º–ø –¥–∞–Ω–Ω—ã—Ö —Ç–∞–±–ª–∏—Ü—ã `cms_form_fields`
--

INSERT INTO `cms_form_fields` (`id`, `form_id`, `title`, `ordering`, `kind`, `mustbe`, `config`) VALUES
(8, 1, '–í–∞—à–µ –∏–º—è:', 1, 'text', 1, 'a:3:{s:3:"max";s:3:"200";s:4:"size";s:2:"30";s:7:"default";s:0:"";}'),
(19, 1, '–ü–æ–¥–ø–∏—Å–∞—Ç—å—Å—è –Ω–∞ –Ω–æ–≤–æ—Å—Ç–∏?', 5, 'checkbox', 0, 'a:1:{s:7:"checked";s:1:"0";}'),
(10, 1, '–¢–µ–∫—Å—Ç —Å–æ–æ–±—â–µ–Ω–∏—è:', 2, 'textarea', 1, 'a:4:{s:3:"max";s:3:"200";s:4:"size";s:2:"30";s:4:"rows";s:1:"5";s:7:"default";s:0:"";}'),
(11, 1, '–û—Ç–∫—É–¥–∞ –≤—ã –æ –Ω–∞—Å —É–∑–Ω–∞–ª–∏?', 4, 'list', 0, 'a:1:{s:5:"items";s:48:"–?–∑ –ø—Ä–µ—Å—Å—ã/–û—Ç –∑–Ω–∞–∫–æ–º—ã—Ö/–ü–æ —Ç–µ–ª–µ–≤–∏–∑–æ—Ä—É/–?–∑ –∏–Ω—Ç–µ—Ä–Ω–µ—Ç–∞";}'),
(15, 1, '–ö–æ–º–ø–∞–Ω–∏—è:', 3, 'text', 0, 'a:3:{s:3:"max";s:3:"200";s:4:"size";s:2:"30";s:7:"default";s:0:"";}'),
(22, 3, '–õ—é–±–∏–º–∞—è –º—É–∑—ã–∫–∞:', 1, 'text', 0, 'a:3:{s:3:"max";s:3:"200";s:4:"size";s:2:"50";s:7:"default";s:0:"";}'),
(24, 3, '–û–±—Ä–∞–∑–æ–≤–∞–Ω–∏–µ:', 2, 'list', 0, 'a:1:{s:5:"items";s:24:"–í—ã—Å—à–µ–µ/–°—Ä–µ–¥–Ω–µ–µ/–ù–∞—á–∞–ª—å–Ω–æ–µ";}');

-- --------------------------------------------------------

--
-- –°—Ç—Ä—É–∫—Ç—É—Ä–∞ —Ç–∞–±–ª–∏—Ü—ã `cms_forums`
--

DROP TABLE IF EXISTS `cms_forums`;
CREATE TABLE `cms_forums` (
  `id` int(11) NOT NULL AUTO_INCREMENT,
  `category_id` int(11) NOT NULL,
  `title` varchar(250) NOT NULL,
  `description` varchar(250) NOT NULL,
  `auth_group` int(11) NOT NULL DEFAULT '-1',
  `ordering` int(11) NOT NULL,
  `published` int(11) NOT NULL DEFAULT '1',
  `parent_id` int(11) NOT NULL,
  `NSLeft` int(11) NOT NULL,
  `NSRight` int(11) NOT NULL,
  `NSDiffer` varchar(15) NOT NULL,
  `NSIgnore` int(11) NOT NULL,
  `NSLevel` int(11) NOT NULL,
  `topic_cost` float NOT NULL DEFAULT '0',
  PRIMARY KEY (`id`)
) ENGINE=MyISAM  DEFAULT CHARSET=cp1251;

--
-- –î–∞–º–ø –¥–∞–Ω–Ω—ã—Ö —Ç–∞–±–ª–∏—Ü—ã `cms_forums`
--

INSERT INTO `cms_forums` (`id`, `category_id`, `title`, `description`, `auth_group`, `ordering`, `published`, `parent_id`, `NSLeft`, `NSRight`, `NSDiffer`, `NSIgnore`, `NSLevel`, `topic_cost`) VALUES
(1000, 0, '-- –ö–æ—Ä–µ–Ω—å —Ñ–æ—Ä—É–º–æ–≤ --', '', 0, 1, 0, 0, 1, 8, '', 0, 1, 0),
(1, 1, '–û–±—â–∏–π —Ñ–æ—Ä—É–º', '', 0, 1, 1, 1000, 2, 7, '', 0, 2, 0),
(1002, 1, '–ü–æ–¥—Ñ–æ—Ä—É–º1', '', 0, 7, 1, 1, 5, 6, '', 0, 3, 0),
(1004, 1, '–ü–æ–¥—Ñ–æ—Ä—É–º2', '', 0, 1, 1, 1, 3, 4, '', 0, 3, 0);

-- --------------------------------------------------------

--
-- –°—Ç—Ä—É–∫—Ç—É—Ä–∞ —Ç–∞–±–ª–∏—Ü—ã `cms_forum_cats`
--

DROP TABLE IF EXISTS `cms_forum_cats`;
CREATE TABLE `cms_forum_cats` (
  `id` int(11) NOT NULL AUTO_INCREMENT,
  `title` varchar(250) NOT NULL,
  `published` int(11) NOT NULL DEFAULT '1',
  `auth_group` int(11) NOT NULL,
  `ordering` int(11) NOT NULL,
  PRIMARY KEY (`id`)
) ENGINE=MyISAM  DEFAULT CHARSET=cp1251;

--
-- –î–∞–º–ø –¥–∞–Ω–Ω—ã—Ö —Ç–∞–±–ª–∏—Ü—ã `cms_forum_cats`
--

INSERT INTO `cms_forum_cats` (`id`, `title`, `published`, `auth_group`, `ordering`) VALUES
(1, '–û–±—â–∏–µ –≤–æ–ø—Ä–æ—Å—ã', 1, 0, 1);

-- --------------------------------------------------------

--
-- –°—Ç—Ä—É–∫—Ç—É—Ä–∞ —Ç–∞–±–ª–∏—Ü—ã `cms_forum_files`
--

DROP TABLE IF EXISTS `cms_forum_files`;
CREATE TABLE `cms_forum_files` (
  `id` int(11) NOT NULL AUTO_INCREMENT,
  `post_id` int(11) NOT NULL,
  `filename` varchar(200) NOT NULL,
  `filesize` int(11) NOT NULL,
  `hits` int(11) NOT NULL,
  `pubdate` datetime NOT NULL,
  PRIMARY KEY (`id`)
) ENGINE=MyISAM DEFAULT CHARSET=cp1251;

--
-- –î–∞–º–ø –¥–∞–Ω–Ω—ã—Ö —Ç–∞–±–ª–∏—Ü—ã `cms_forum_files`
--


-- --------------------------------------------------------

--
-- –°—Ç—Ä—É–∫—Ç—É—Ä–∞ —Ç–∞–±–ª–∏—Ü—ã `cms_forum_images`
--

DROP TABLE IF EXISTS `cms_forum_images`;
CREATE TABLE `cms_forum_images` (
  `id` int(11) NOT NULL AUTO_INCREMENT,
  `post_id` int(11) NOT NULL,
  `session_id` varchar(50) NOT NULL,
  `fileurl` varchar(250) NOT NULL,
  PRIMARY KEY (`id`)
) ENGINE=MyISAM DEFAULT CHARSET=cp1251;

--
-- –î–∞–º–ø –¥–∞–Ω–Ω—ã—Ö —Ç–∞–±–ª–∏—Ü—ã `cms_forum_images`
--


-- --------------------------------------------------------

--
-- –°—Ç—Ä—É–∫—Ç—É—Ä–∞ —Ç–∞–±–ª–∏—Ü—ã `cms_forum_polls`
--

DROP TABLE IF EXISTS `cms_forum_polls`;
CREATE TABLE `cms_forum_polls` (
  `id` int(11) NOT NULL AUTO_INCREMENT,
  `thread_id` int(11) NOT NULL,
  `title` varchar(200) NOT NULL,
  `description` text NOT NULL,
  `answers` text NOT NULL,
  `options` varchar(250) NOT NULL,
  `enddate` datetime NOT NULL,
  PRIMARY KEY (`id`)
) ENGINE=MyISAM DEFAULT CHARSET=cp1251;

--
-- –î–∞–º–ø –¥–∞–Ω–Ω—ã—Ö —Ç–∞–±–ª–∏—Ü—ã `cms_forum_polls`
--


-- --------------------------------------------------------

--
-- –°—Ç—Ä—É–∫—Ç—É—Ä–∞ —Ç–∞–±–ª–∏—Ü—ã `cms_forum_posts`
--

DROP TABLE IF EXISTS `cms_forum_posts`;
CREATE TABLE `cms_forum_posts` (
  `id` int(11) NOT NULL AUTO_INCREMENT,
  `thread_id` int(11) NOT NULL,
  `user_id` int(11) NOT NULL,
  `pubdate` datetime NOT NULL,
  `editdate` datetime NOT NULL,
  `edittimes` int(11) NOT NULL,
  `content` text NOT NULL,
  PRIMARY KEY (`id`),
  FULLTEXT KEY `content` (`content`)
) ENGINE=MyISAM  DEFAULT CHARSET=cp1251;

--
-- –î–∞–º–ø –¥–∞–Ω–Ω—ã—Ö —Ç–∞–±–ª–∏—Ü—ã `cms_forum_posts`
--

INSERT INTO `cms_forum_posts` (`id`, `thread_id`, `user_id`, `pubdate`, `editdate`, `edittimes`, `content`) VALUES
(29, 12, 1, '2009-04-04 18:54:53', '2010-10-07 18:07:14', 2, '–ì–µ–æ—Å–∏–Ω–∫–ª–∏–Ω–∞–ª—å [b]–æ–±–æ–≥–∞—â–∞–µ—Ç –º–∞–≥–º–∞—Ç–∏—á–µ—Å–∫–∏–π –º–æ–Ω—Ç–º–æ—Ä–∏–ª–ª–æ–Ω–∏—Ç[/b], —á—Ç–æ –≤ –æ–±—â–µ–º —Å–≤–∏–¥–µ—Ç–µ–ª—å—Å—Ç–≤—É–µ—Ç –æ –ø—Ä–µ–æ–±–ª–∞–¥–∞–Ω–∏–∏ —Ç–µ–∫—Ç–æ–Ω–∏—á–µ—Å–∫–∏—Ö –æ–ø—É—Å–∫–∞–Ω–∏–π –≤ —ç—Ç–æ –≤—Ä–µ–º—è. –£–≥–ª–µ—Ñ–∏–∫–∞—Ü–∏—è —Ö–∞—Ä–∞–∫—Ç–µ—Ä–Ω–∞. –ü–æ—Ä–æ–¥–∞ —Å—É—â–µ—Å—Ç–≤–µ–Ω–Ω–∞. –¢–µ–∫—Ç–æ–≥–µ–Ω–µ–∑, —Ä–∞–∑–¥–µ–ª–µ–Ω–Ω—ã–µ —É–∑–∫–∏–º–∏ –ª–∏–Ω–µ–π–Ω–æ–≤—ã—Ç—è–Ω—É—Ç—ã–º–∏ –∑–æ–Ω–∞–º–∏ –≤—ã–≤–µ—Ç—Ä–µ–ª—ã—Ö –ø–æ—Ä–æ–¥, \r\n\r\n–ø–µ—Ä–µ–æ—Ç–∫–ª–∞–¥—ã–≤–∞–µ—Ç –º–æ—Ä—Å–∫–æ–π –∞–≤–≥–∏—Ç, –æ–±—Ä–∞–∑—É—è –Ω–∞ –≥—Ä–∞–Ω–∏—Ü–µ —Å –ó–∞–ø–∞–¥–Ω–æ-–ö–∞—Ä–µ–ª—å—Å–∫–∏–º –ø–æ–¥–Ω—è—Ç–∏–µ–º —Å–≤–æ–µ–æ–±—Ä–∞–∑–Ω—É—é —Å–∏—Å—Ç–µ–º—É –≥—Ä–∞–±–µ–Ω–æ–≤. –í–µ–¥—É—â–∏–π —ç–∫–∑–æ–≥–µ–Ω–Ω—ã–π –≥–µ–æ–ª–æ–≥–∏—á–µ—Å–∫–∏–π –ø—Ä–æ—Ü–µ—Å—Å - —Å—É–±–¥—É–∫—Ü–∏—è –æ—Å–ª–∞–±–ª—è–µ—Ç –ª–∞–∫–∫–æ–ª–∏—Ç, —Ç–∞–∫ –∫–∞–∫ —Å–æ–≤–µ—Ä—à–µ–Ω–Ω–æ –æ–¥–Ω–æ–∑–Ω–∞—á–Ω–æ —É–∫–∞–∑—ã–≤–∞–µ—Ç –Ω–∞ —Å—É—â–µ—Å—Ç–≤–æ–≤–∞–Ω–∏–µ –∏ —Ä–æ—Å—Ç –≤ –ø–µ—Ä–∏–æ–¥ –æ—Ñ–æ—Ä–º–ª–µ–Ω–∏—è –ø–∞–ª–µ–æ–≥–µ–Ω–æ–≤–æ–π –ø–æ–≤–µ—Ä—Ö–Ω–æ—Å—Ç–∏ –≤—ã—Ä–∞–≤–Ω–∏–≤–∞–Ω–∏—è.'),
(30, 12, 1, '2011-03-18 15:43:16', '2011-03-18 15:55:41', 2, '—Ç–µ—Å—Ç —Å—Å—ã–ª–æ–∫\r\n\r\n1. http://www.yandex.ru/ - direct\r\n\r\n2. www.yandex.ru - direct \r\n\r\n3. [url=http://www.yandex.ru/]http://www.yandex.ru/[/url] - url tag\r\n\r\n4. [url=/stati/geologija]/stati/geologija[/url] - url tag\r\n\r\n5. [url=http://yandex.ru/yandsearch?text=qwe]—Å –≤–æ–ø—Ä–æ—Å–æ–º[/url] - url tag\r\n\r\n6. http://yandex.ru/yandsearch?text=qwe - —Å –≤–æ–ø—Ä–æ—Å–æ–º - direct\r\n\r\n–∫–æ–Ω–µ—Ü —Ç–µ—Å—Ç–∞');

-- --------------------------------------------------------

--
-- –°—Ç—Ä—É–∫—Ç—É—Ä–∞ —Ç–∞–±–ª–∏—Ü—ã `cms_forum_threads`
--

DROP TABLE IF EXISTS `cms_forum_threads`;
CREATE TABLE `cms_forum_threads` (
  `id` int(11) NOT NULL AUTO_INCREMENT,
  `forum_id` int(11) NOT NULL,
  `user_id` int(11) NOT NULL,
  `title` varchar(250) NOT NULL,
  `description` varchar(250) NOT NULL,
  `icon` varchar(100) NOT NULL,
  `pubdate` datetime NOT NULL,
  `hits` int(11) NOT NULL,
  `closed` int(11) NOT NULL,
  `pinned` int(11) NOT NULL,
  `is_hidden` int(11) NOT NULL DEFAULT '0',
  `rel_to` varchar(15) NOT NULL,
  `rel_id` int(11) NOT NULL,
  PRIMARY KEY (`id`),
  FULLTEXT KEY `title` (`title`)
) ENGINE=MyISAM  DEFAULT CHARSET=cp1251;

--
-- –î–∞–º–ø –¥–∞–Ω–Ω—ã—Ö —Ç–∞–±–ª–∏—Ü—ã `cms_forum_threads`
--

INSERT INTO `cms_forum_threads` (`id`, `forum_id`, `user_id`, `title`, `description`, `icon`, `pubdate`, `hits`, `closed`, `pinned`, `is_hidden`, `rel_to`, `rel_id`) VALUES
(12, 1, 1, '–ü—Ä–∏–º–µ—Ä —Ç–µ–º—ã', '', '', '2011-03-18 15:43:16', 89, 0, 0, 0, '', 0);

-- --------------------------------------------------------

--
-- –°—Ç—Ä—É–∫—Ç—É—Ä–∞ —Ç–∞–±–ª–∏—Ü—ã `cms_forum_votes`
--

DROP TABLE IF EXISTS `cms_forum_votes`;
CREATE TABLE `cms_forum_votes` (
  `id` int(11) NOT NULL AUTO_INCREMENT,
  `poll_id` int(11) NOT NULL,
  `answer_id` int(11) NOT NULL,
  `user_id` int(11) NOT NULL,
  `pubdate` datetime NOT NULL,
  PRIMARY KEY (`id`)
) ENGINE=MyISAM DEFAULT CHARSET=cp1251;

--
-- –î–∞–º–ø –¥–∞–Ω–Ω—ã—Ö —Ç–∞–±–ª–∏—Ü—ã `cms_forum_votes`
--


-- --------------------------------------------------------

--
-- –°—Ç—Ä—É–∫—Ç—É—Ä–∞ —Ç–∞–±–ª–∏—Ü—ã `cms_menu`
--

DROP TABLE IF EXISTS `cms_menu`;
CREATE TABLE `cms_menu` (
  `id` int(11) NOT NULL AUTO_INCREMENT,
  `menu` varchar(200) NOT NULL,
  `title` varchar(200) NOT NULL,
  `link` varchar(200) NOT NULL,
  `linktype` varchar(12) NOT NULL DEFAULT 'link',
  `linkid` varchar(25) DEFAULT '-1',
  `target` varchar(8) NOT NULL DEFAULT '_self',
  `component` varchar(100) NOT NULL,
  `ordering` int(11) NOT NULL DEFAULT '1',
  `published` int(11) NOT NULL,
  `template` varchar(30) NOT NULL,
  `access_list` tinytext NOT NULL,
  `iconurl` varchar(100) NOT NULL,
  `NSLeft` int(11) NOT NULL,
  `NSRight` int(11) NOT NULL,
  `NSLevel` int(11) NOT NULL,
  `NSDiffer` varchar(40) DEFAULT NULL,
  `NSIgnore` int(11) NOT NULL,
  `parent_id` int(11) NOT NULL,
  PRIMARY KEY (`id`)
) ENGINE=MyISAM  DEFAULT CHARSET=cp1251;

--
-- –î–∞–º–ø –¥–∞–Ω–Ω—ã—Ö —Ç–∞–±–ª–∏—Ü—ã `cms_menu`
--

INSERT INTO `cms_menu` (`id`, `menu`, `title`, `link`, `linktype`, `linkid`, `target`, `component`, `ordering`, `published`, `template`, `access_list`, `iconurl`, `NSLeft`, `NSRight`, `NSLevel`, `NSDiffer`, `NSIgnore`, `parent_id`) VALUES
(1, 'root', '-- –ì–ª–∞–≤–Ω–∞—è —Å—Ç—Ä–∞–Ω–∏—Ü–∞ --', '-1', 'link', '-1', '_self', '', 1, 0, '0', '', '', 1, 34, 0, '', 0, 0),
(10, 'mainmenu', '–ù–æ–≤–æ—Å—Ç–∏', '/novosti', 'category', '2', '_self', '', 1, 1, '0', '', '01.gif', 2, 3, 1, '', 0, 1),
(13, 'mainmenu', 'Q&A', '/faq', 'component', 'faq', '_self', '', 6, 1, '0', '', '27.gif', 24, 25, 1, '', 0, 1),
(15, 'mainmenu', '–õ—é–¥–∏', '/users', 'component', 'users', '_self', '', 9, 1, '0', '', 'group.gif', 30, 31, 1, '', 0, 1),
(17, 'mainmenu', '–ë–ª–æ–≥–∏', '/blogs', 'component', 'blogs', '_self', '', 4, 1, '0', '', 'blog.gif', 20, 21, 1, '', 0, 1),
(18, 'mainmenu', '–§–æ—Ä—É–º', '/forum', 'component', 'forum', '_self', '', 10, 1, '0', '', '29.gif', 32, 33, 1, '', 0, 1),
(20, 'mainmenu', '–§–æ—Ç–æ', '/photos', 'component', 'photos', '_self', '', 3, 1, '0', '', '20.gif', 14, 19, 1, '', 0, 1),
(21, 'mainmenu', '–°—Ç–∞—Ç—å–∏', '/stati', 'category', '6', '_self', '', 2, 1, '0', '', '22.gif', 4, 13, 1, '', 0, 1),
(23, 'mainmenu', '–ö–∞—Ç–∞–ª–æ–≥', '/catalog', 'component', 'catalog', '_self', '', 7, 1, '0', '', 'objects048.gif', 26, 27, 1, '', 0, 1),
(44, 'mainmenu', '–ú–∞—Ä–∫–µ—Ç–∏–Ω–≥', '/stati/marketing', 'category', '13', '_self', '', 4, 1, '0', '', '', 11, 12, 2, '', 0, 21),
(37, 'mainmenu', '–û–±—ä—è–≤–ª–µ–Ω–∏—è', '/board', 'component', 'board', '_self', '', 8, 1, '0', '', 'objects038.gif', 28, 29, 1, '', 0, 1),
(38, 'mainmenu', '–ö–ª—É–±—ã', '/clubs', 'component', 'clubs', '_self', '', 5, 1, '0', '', '45.gif', 22, 23, 1, '', 0, 1),
(39, 'mainmenu', '–ê—Å—Ç—Ä–æ–Ω–æ–º–∏—è', '/stati/astronomija', 'category', '11', '_self', '', 1, 1, '0', '', '', 5, 6, 2, '', 0, 21),
(40, 'mainmenu', '–ì–µ–æ–ª–æ–≥–∏—è', '/stati/geologija', 'category', '12', '_self', '', 2, 1, '0', '---\n- 7\n1: 2\n', '', 7, 8, 2, '', 0, 21),
(41, 'mainmenu', '–ü—Å–∏—Ö–æ–ª–æ–≥–∏—è', '/stati/psihologija', 'category', '14', '_self', '', 3, 1, '0', '', '', 9, 10, 2, '', 0, 21),
(42, 'mainmenu', '–ù–æ–≤—ã–µ —Ñ–æ—Ç–æ', '/photos/latest.html', 'link', '/photos/latest.html', '_self', '', 5, 1, '0', '', '', 15, 16, 2, '', 0, 20),
(43, 'mainmenu', '–õ—É—á—à–∏–µ —Ñ–æ—Ç–æ', '/photos/top.html', 'link', '/photos/top.html', '_self', '', 6, 1, '0', '', '', 17, 18, 2, '', 0, 20);

-- --------------------------------------------------------

--
-- –°—Ç—Ä—É–∫—Ç—É—Ä–∞ —Ç–∞–±–ª–∏—Ü—ã `cms_modules`
--

DROP TABLE IF EXISTS `cms_modules`;
CREATE TABLE `cms_modules` (
  `id` int(11) NOT NULL AUTO_INCREMENT,
  `position` varchar(10) NOT NULL,
  `name` varchar(200) NOT NULL,
  `title` varchar(200) NOT NULL,
  `is_external` int(11) NOT NULL,
  `content` text NOT NULL,
  `ordering` int(11) NOT NULL,
  `showtitle` int(11) NOT NULL DEFAULT '1',
  `published` int(11) NOT NULL DEFAULT '1',
  `user` int(11) NOT NULL DEFAULT '1',
  `config` text NOT NULL,
  `original` int(11) NOT NULL,
  `css_prefix` varchar(30) NOT NULL,
  `access_list` tinytext NOT NULL,
  `cache` int(11) NOT NULL,
  `cachetime` int(11) NOT NULL DEFAULT '1',
  `cacheint` varchar(15) NOT NULL DEFAULT 'HOUR',
  `template` varchar(35) NOT NULL DEFAULT 'module.tpl',
  `is_strict_bind` tinyint(4) NOT NULL DEFAULT '0',
  `version` varchar(6) NOT NULL DEFAULT '1.0',
  PRIMARY KEY (`id`)
) ENGINE=MyISAM  DEFAULT CHARSET=cp1251;

--
-- –î–∞–º–ø –¥–∞–Ω–Ω—ã—Ö —Ç–∞–±–ª–∏—Ü—ã `cms_modules`
--

INSERT INTO `cms_modules` (`id`, `position`, `name`, `title`, `is_external`, `content`, `ordering`, `showtitle`, `published`, `user`, `config`, `original`, `css_prefix`, `access_list`, `cache`, `cachetime`, `cacheint`, `template`, `is_strict_bind`, `version`) VALUES
(1, 'topmenu', '–ú–µ–Ω—é', '–ú–µ–Ω—é', 1, 'mod_menu', 6, 0, 1, 0, '---\nmenu: mainmenu\njtree: 1\n', 1, '', '', 0, 1, 'HOUR', 'module_simple.tpl', 0, '1.0'),
(17, 'top', '–ì–ª–∞–≤–Ω–∞—è —Å—Ç—Ä–∞–Ω–∏—Ü–∞', '–î–æ–±—Ä–æ –ø–æ–∂–∞–ª–æ–≤–∞—Ç—å!', 0, '<table cellspacing="0" cellpadding="0" border="0" width="100%">\r\n    <tbody>\r\n        <tr>\r\n            <td width="100" valign="top"><a target="_blank" href="http://www.instantcms.ru"><img border="0" alt="" src="/images/content/community.png" /></a></td>\r\n            <td>\r\n            <p class="moduletitle">–î–æ–±—Ä–æ –ø–æ–∂–∞–ª–æ–≤–∞—Ç—å!</p>\r\n            <p>–ú—ã —Ä–∞–¥—ã –ø—Ä–∏–≤–µ—Ç—Å—Ç–≤–æ–≤–∞—Ç—å –í–∞—Å –≤ –Ω–∞—à–µ–π —Å–æ—Ü–∏–∞–ª—å–Ω–æ–π —Å–µ—Ç–∏. –ü–æ—Å–ª–µ —Ä–µ–≥–∏—Å—Ç—Ä–∞—Ü–∏–∏ –í–∞–º —Å—Ç–∞–Ω—É—Ç –¥–æ—Å—Ç—É–ø–Ω—ã –≤—Å–µ —Ñ—É–Ω–∫—Ü–∏–∏ —Å–∞–π—Ç–∞.</p>\r\n            <p>–í—ã —Å–º–æ–∂–µ—Ç–µ –∑–∞–≤–µ—Å—Ç–∏ –±–ª–æ–≥, –∑–∞–≥—Ä—É–∂–∞—Ç—å —Ñ–æ—Ç–æ–≥—Ä–∞—Ñ–∏–∏ –∏ –æ–±—â–∞—Ç—å—Å—è —Å –¥—Ä—É–∑—å—è–º–∏.</p>\r\n            <div>\r\n            <div>–ß—Ç–æ–±—ã –∏–∑–º–µ–Ω–∏—Ç—å —ç—Ç–æ—Ç —Ç–µ–∫—Å—Ç, <a href="/admin/index.php?view=modules&amp;do=edit&amp;id=17">–æ—Ç—Ä–µ–¥–∞–∫—Ç–∏—Ä—É–π—Ç–µ –º–æ–¥—É–ª—å &quot;–ì–ª–∞–≤–Ω–∞—è —Å—Ç—Ä–∞–Ω–∏—Ü–∞&quot;</a>.</div>\r\n            </div>\r\n            </td>\r\n        </tr>\r\n    </tbody>\r\n</table>', 0, 0, 1, 1, '---\n', 1, '', '', 0, 1, 'HOUR', 'module.tpl', 0, '1.0'),
(44, 'sidebar', '–û–±–ª–∞–∫–æ —Ç–µ–≥–æ–≤', '–û–±–ª–∞–∫–æ —Ç–µ–≥–æ–≤', 1, 'mod_tags', 18, 0, 0, 0, '---\ncat_id: \nsortby: tag\nmenuid: \nminfreq: 0\nminlen: 3\ntargets: \n  content: content\n  photo: photo\n  blogpost: blog\n  catalog: catalog\n  userphoto: userphoto\n', 1, '', '', 0, 1, 'HOUR', 'module.tpl', 0, '1.0'),
(46, 'mainbottom', '–ù–æ–≤–∏–Ω–∫–∏ –∫–∞—Ç–∞–ª–æ–≥–∞', '–ù–æ–≤–∏–Ω–∫–∏ –∫–∞—Ç–∞–ª–æ–≥–∞', 1, 'mod_uc_latest', 30, 1, 0, 0, '---\nnewscount: 6\nshowtype: list\nshowf: 2\ncat_id: \nsubs: 1\nfulllink: 0\n', 1, '', '', 0, 1, 'HOUR', 'module.tpl', 0, '1.0'),
(26, 'sidebar', '–ö–æ—Ä–∑–∏–Ω–∞ –ø–æ–∫—É–ø–∞—Ç–µ–ª—è', '–ö–æ—Ä–∑–∏–Ω–∞', 1, 'mod_cart', 19, 1, 0, 0, '---\nshowtype: list\nshowqty: 1\nmenuid: 23\nsource: catalog\n', 1, '', '', 0, 1, 'HOUR', 'module.tpl', 0, '1.0'),
(25, 'sidebar', '–ì–æ–ª–æ—Å–æ–≤–∞–Ω–∏—è', '–ì–æ–ª–æ—Å–æ–≤–∞–Ω–∏—è', 1, 'mod_polls', 2, 1, 1, 0, '---\nshownum: 0\npoll_id: 2\n', 1, '', '', 0, 1, 'HOUR', 'module.tpl', 0, '1.0'),
(27, 'sidebar', '–ü–æ–∏—Å–∫', '–ü–æ–∏—Å–∫', 1, 'mod_search', 1, 0, 0, 0, '---\n', 1, '', '', 0, 1, 'HOUR', 'module.tpl', 0, '1.0'),
(19, 'maintop', '–ü–æ—Å–ª–µ–¥–Ω–∏–µ –º–∞—Ç–µ—Ä–∏–∞–ª—ã', '–ù–æ–≤—ã–µ —Å—Ç–∞—Ç—å–∏', 1, 'mod_latest', 2, 1, 1, 0, '---\nnewscount: 4\nshowdesc: 0\nshowdate: 1\nshowcom: 1\nshowrss: 1\ncat_id: 6\nsubs: 1\n', 1, '', '', 0, 1, 'HOUR', 'module.tpl', 1, '1.0'),
(20, 'topmenu', '–ê–≤—Ç–æ—Ä–∏–∑–∞—Ü–∏—è', '–ê–≤—Ç–æ—Ä–∏–∑–∞—Ü–∏—è', 1, 'mod_auth', 0, 1, 1, 0, '---\nautolog: 1\npassrem: 1\n', 1, '', '', 0, 1, 'MINUTE', 'module.tpl', 0, '1.0'),
(22, 'topmenu', '–ü–æ—Å–ª–µ–¥–Ω–∏–µ —Ä–µ–≥–∏—Å—Ç—Ä–∞—Ü–∏–∏', '–ù–æ–≤—ã–µ –ø–æ–ª—å–∑–æ–≤–∞—Ç–µ–ª–∏', 1, 'mod_lastreg', 2, 1, 1, 0, '---\nnewscount: 5\nview_type: hr_table\nmaxcool: 2\n', 1, '', '', 0, 1, 'HOUR', 'module.tpl', 1, '1.0'),
(23, 'sidebar', '–°–ª—É—á–∞–π–Ω–æ–µ –∏–∑–æ–±—Ä–∞–∂–µ–Ω–∏–µ', '–°–ª—É—á–∞–π–Ω–∞—è –∫–∞—Ä—Ç–∏–Ω–∫–∞', 1, 'mod_random_image', 21, 1, 0, 0, '---\nshowtitle: 1\nalbum_id: 0\nmenuid: 20\n', 1, '', '', 0, 1, 'HOUR', 'module.tpl', 0, '1.0'),
(24, 'sidebar', '–ß–∞—Å—ã', '–ß–∞—Å—ã', 1, 'mod_clock', 17, 1, 0, 0, '---\n', 1, '', '', 0, 1, 'HOUR', 'module.tpl', 0, '1.0'),
(37, 'sidebar', '–ö–∞—Ç–µ–≥–æ—Ä–∏–∏ –ø—Ä–∞–π—Å–∞', '–ö–∞—Ç–µ–≥–æ—Ä–∏–∏ –ø—Ä–∞–π—Å–∞', 1, 'mod_pricecat', 14, 1, 0, 0, '---\nshowdesc: 0\nicon: /images/markers/pricelist.png\n', 1, '', '', 0, 1, 'HOUR', 'module.tpl', 0, '1.0'),
(36, 'sidebar', '–†–∞–∑–¥–µ–ª—ã —Å–∞–π—Ç–∞', '–°—Ç–∞—Ç—å–∏', 1, 'mod_category', 13, 1, 0, 0, '---\nshowdesc: 0\ncategory_id: 6\nicon: /images/markers/folder.png\nmenuid: 21\n', 1, '', '', 0, 1, 'HOUR', 'module.tpl', 0, '1.0'),
(39, 'sidebar', '–í—ã–±–æ—Ä —à–∞–±–ª–æ–Ω–∞', '–í—ã–±–æ—Ä —à–∞–±–ª–æ–Ω–∞', 1, 'mod_template', 12, 1, 0, 0, '---\n', 1, '', '', 0, 1, 'HOUR', 'module.tpl', 0, '1.0'),
(47, 'mainbottom', '–ü–æ–ø—É–ª—è—Ä–Ω–æ–µ –≤ –∫–∞—Ç–∞–ª–æ–≥–µ', '–ü–æ–ø—É–ª—è—Ä–Ω–æ–µ –≤ –∫–∞—Ç–∞–ª–æ–≥–µ', 1, 'mod_uc_popular', 23, 1, 0, 0, '---\nnum: 10\ncat_id: 0\nmenuid: 23\nshowf: 2\nshowtype: thumb\nfulllink: 1\nsort: rating\n', 1, '', '', 0, 1, 'HOUR', 'module.tpl', 0, '1.0'),
(49, 'sidebar', '–ö—Ç–æ –æ–Ω–ª–∞–π–Ω?', '–ö—Ç–æ –æ–Ω–ª–∞–π–Ω?', 1, 'mod_whoonline', 24, 1, 1, 0, '---\nshow_today: 1\nadmin_editor: 1\n', 1, '', '', 0, 1, 'HOUR', 'module.tpl', 1, '1.0'),
(50, 'topmenu', '–¢–µ–º—ã –Ω–∞ —Ñ–æ—Ä—É–º–µ', '–ù–æ–≤–æ—Å—Ç–∏ —Ñ–æ—Ä—É–º–∞', 1, 'mod_forum', 31, 1, 1, 0, '---\nshownum: 2\nshowtype: web2\nshowforum: 0\nshowlink: 0\nshowtext: 0\nmenuid: 18\n', 1, '', '', 0, 1, 'HOUR', 'module.tpl', 0, '1.0'),
(51, 'sidebar', '–°–ª—É—á–∞–π–Ω–æ–µ —Ñ–æ—Ç–æ', '–°–ª—É—á–∞–π–Ω–æ–µ —Ñ–æ—Ç–æ', 1, 'mod_user_image', 25, 1, 0, 0, '---\nshowtitle: 1\nmenuid: 15\n', 1, '', '', 0, 1, 'HOUR', 'module.tpl', 0, '1.0'),
(52, 'sidebar', '–í–Ω–µ—à–Ω–∏–π —Ñ–∞–π–ª', '–í–Ω–µ—à–Ω–∏–π —Ñ–∞–π–ª', 0, '<p>{–§–ê–ô–õ=test.php}</p>', 11, 1, 0, 1, '---\n', 0, '', '', 0, 1, 'HOUR', 'module.tpl', 0, '1.0'),
(56, 'sidebar', '–ê—Ä—Ö–∏–≤ —Å—Ç–∞—Ç–µ–π', '–ê—Ä—Ö–∏–≤ –Ω–æ–≤–æ—Å—Ç–µ–π', 1, 'mod_arhive', 27, 1, 0, 0, '---\nsource: both\ncat_id: 6\n', 1, '', '---\n- 1\n', 0, 1, 'HOUR', 'module.tpl', 0, '1.0'),
(54, 'sidebar', '–°–ª—É—á–∞–π–Ω–æ–µ –≤ –∫–∞—Ç–∞–ª–æ–≥–µ', '–°–ª—É—á–∞–π–Ω–æ–µ –≤ –∫–∞—Ç–∞–ª–æ–≥–µ', 1, 'mod_uc_random', 26, 1, 0, 0, '---\ncat_id: 1\ncount: 2\nshowtitle: 1\nshowcat: 0\nmenuid: 23\n', 1, '', '', 0, 1, 'HOUR', 'module.tpl', 0, '1.0'),
(60, 'maintop', '–õ–µ–Ω—Ç–∞ RSS ', '–õ–µ–Ω—Ç–∞ –Ω–æ–≤–æ—Å—Ç–µ–π', 1, 'mod_rss', 9, 1, 0, 0, '---\nshowdesc: 0\nshowicon: 1\nitemslimit: 6\nrssurl: http://portal.novator.ru/ngnews.rss\ncols: 2\n', 1, '', '', 0, 1, 'HOUR', 'module.tpl', 0, '1.0'),
(61, 'sidebar', '–ü–æ—Å–ª–µ–¥–Ω–∏–µ –∫–æ–º–º–µ–Ω—Ç–∞—Ä–∏–∏', '–ü–æ—Å–ª–µ–¥–Ω–∏–µ –∫–æ–º–º–µ–Ω—Ç–∞—Ä–∏–∏', 1, 'mod_comments', 4, 1, 1, 0, '---\nshownum: 10\nminrate: 0\nshowdesc: 1\nshowrss: 1\nshowtarg: 0\ntargets: \n  faq: faq\n  catalog: catalog\n  boarditem: boarditem\n  blog: blog\n  article: article\n  palbum: palbum\n  photo: photo\n  userphoto: userphoto\n', 1, '', '', 0, 1, 'MINUTE', 'module.tpl', 0, '1.0'),
(62, 'maintop', '–ù–æ–≤–∏–Ω–∫–∏ —Ñ–æ—Ç–æ–≥–∞–ª–µ—Ä–µ–∏', '–ù–æ–≤–∏–Ω–∫–∏ —Ñ–æ—Ç–æ–≥–∞–ª–µ—Ä–µ–∏', 1, 'mod_latestphoto', 32, 1, 1, 0, '---\nshownum: 6\nmaxcols: 2\nshowclubs: 1\nshowalbum: 0\nshowdate: 0\nshowcom: 0\nalbum_id: 100\nshowtype: short\nshowmore: 0\n', 1, '', '', 0, 1, 'HOUR', 'module.tpl', 1, '1.0'),
(63, 'sidebar', '–ü–æ–ø—É–ª—è—Ä–Ω—ã–µ —Ñ–æ—Ç–æ–≥—Ä–∞—Ñ–∏–∏', '–ü–æ–ø—É–ª—è—Ä–Ω—ã–µ —Ñ–æ—Ç–æ–≥—Ä–∞—Ñ–∏–∏', 1, 'mod_bestphoto', 10, 1, 0, 0, '---\nshownum: 2\nmaxcols: 2\nshowalbum: 0\nshowdate: 1\nshowcom: 1\nalbum_id: 0\nsort: rating\nmenuid: 20\nshowtype: full\nshowmore: 1\n', 1, '', '', 0, 1, 'HOUR', 'module.tpl', 0, '1.0'),
(64, 'maintop', '–ù–æ–≤–æ–µ –≤ –±–ª–æ–≥–∞—Ö', '–ù–æ–≤–æ–µ –≤ –±–ª–æ–≥–∞—Ö', 1, 'mod_latestblogs', 2, 1, 1, 0, '---\nnamemode: blog\nshownum: 10\nminrate: 0\nshowrss: 1\n', 1, '', '', 0, 1, 'HOUR', 'module.tpl', 0, '1.0'),
(65, 'sidebar', '–ü–æ–ø—É–ª—è—Ä–Ω–æ–µ –≤ –±–ª–æ–≥–∞—Ö', '–ü–æ–ø—É–ª—è—Ä–Ω–æ–µ –≤ –±–ª–æ–≥–∞—Ö', 1, 'mod_bestblogs', 3, 1, 1, 0, '---\nnamemode: blog\nshownum: 10\n', 1, '', '', 0, 1, 'HOUR', 'module.tpl', 1, '1.0'),
(66, 'header', '–ú–µ–Ω—é –ø–æ–ª—å–∑–æ–≤–∞—Ç–µ–ª—è', '–ú–µ–Ω—é –ø–æ–ª—å–∑–æ–≤–∞—Ç–µ–ª—è', 1, 'mod_usermenu', 1, 0, 1, 0, '---\navatar: 1\nshowtype: text\n', 1, '', '', 0, 1, 'HOUR', 'module.tpl', 0, '1.0'),
(67, 'mainbottom', '–ü–æ—Å–ª–µ–¥–Ω–∏–µ –≤–æ–ø—Ä–æ—Å—ã FAQ', '–ü–æ—Å–ª–µ–¥–Ω–∏–µ –≤–æ–ø—Ä–æ—Å—ã FAQ', 1, 'mod_latest_faq', 33, 1, 0, 0, '---\nnewscount: 5\nmaxlen: 140\ncat_id: \n', 1, '', '', 0, 1, 'HOUR', 'module.tpl', 0, '1.0'),
(69, 'maintop', '–ü–æ–ø—É–ª—è—Ä–Ω—ã–µ —Å—Ç–∞—Ç—å–∏', '–ü–æ–ø—É–ª—è—Ä–Ω—ã–µ —Å—Ç–∞—Ç—å–∏', 1, 'mod_bestcontent', 3, 1, 0, 0, '---\nshownum: 4\nmenuid: 21\nshowlink: 1\nshowdesc: 1\n', 1, '', '', 0, 1, 'HOUR', 'module.tpl', 0, '1.0'),
(70, 'sidebar', '–ü–æ–∏—Å–∫ –ø–æ–ª—å–∑–æ–≤–∞—Ç–µ–ª–µ–π', '–ü–æ–∏—Å–∫ –ø–æ–ª—å–∑–æ–≤–∞—Ç–µ–ª–µ–π', 1, 'mod_usersearch', 4, 1, 0, 0, '---\ncat_id: \nsource: \nmenuid: 15\n', 1, '', '', 0, 1, 'HOUR', 'module.tpl', 1, '1.0'),
(71, 'maintop', '–ù–æ–≤—ã–µ –æ–±—ä—è–≤–ª–µ–Ω–∏—è', '–ù–æ–≤—ã–µ –æ–±—ä—è–≤–ª–µ–Ω–∏—è', 1, 'mod_latestboard', 1, 1, 1, 0, '---\nshownum: 10\nshowcity: 1\ncat_id: -1\nsubs: 1\n', 1, '', '', 0, 1, 'HOUR', 'module.tpl', 0, '1.0'),
(72, 'maintop', '–†–µ–π—Ç–∏–Ω–≥ –ø–æ–ª—å–∑–æ–≤–∞—Ç–µ–ª–µ–π', '–†–µ–π—Ç–∏–Ω–≥ –ø–æ–ª—å–∑–æ–≤–∞—Ç–µ–ª–µ–π', 1, 'mod_user_rating', 1, 1, 0, 0, '---\ncount: 20\nmenuid: 15\nview_type: rating\n', 1, '', '', 0, 1, 'HOUR', 'module.tpl', 0, '1.0'),
(73, 'maintop', '–ù–æ–≤—ã–µ –∫–ª—É–±—ã', '–ù–æ–≤—ã–µ –∫–ª—É–±—ã', 1, 'mod_latestclubs', 3, 1, 0, 0, '---\ncount: 2\nmenuid: 38\n', 1, '', '', 0, 1, 'HOUR', 'module.tpl', 0, '1.0'),
(74, 'maintop', '–ü–æ–ø—É–ª—è—Ä–Ω—ã–µ –∫–ª—É–±—ã', '–ü–æ–ø—É–ª—è—Ä–Ω—ã–µ –∫–ª—É–±—ã', 1, 'mod_bestclubs', 4, 1, 0, 0, '---\ncount: 2\nmenuid: 38\n', 1, '', '', 0, 1, 'HOUR', 'module.tpl', 0, '1.0'),
(75, 'sidebar', '–î–æ—Å–∫–∞ –ø–æ—á–µ—Ç–∞', '–î–æ—Å–∫–∞ –ø–æ—á–µ—Ç–∞', 1, 'mod_respect', 1, 1, 0, 0, '---\nview: all\nshow_awards: 1\norder: desc\nlimit: 5\n', 1, '', '', 0, 1, 'HOUR', 'module.tpl', 1, '1.0'),
(76, 'sidebar', '–§–∞–π–ª—ã –ø–æ–ª—å–∑–æ–≤–∞—Ç–µ–ª–µ–π', '–§–∞–π–ª—ã –ø–æ–ª—å–∑–æ–≤–∞—Ç–µ–ª–µ–π', 1, 'mod_userfiles', 1, 1, 0, 0, '---\nmenuid: 0\nsw_stats: 1\nsw_latest: 1\nsw_popular: 1\nnum_latest: 5\nnum_popular: 5\n', 1, '', '', 0, 1, 'HOUR', 'module.tpl', 0, '1.0'),
(87, 'maintop', '–õ–µ–Ω—Ç–∞ –∞–∫—Ç–∏–≤–Ω–æ—Å—Ç–∏', '–õ–µ–Ω—Ç–∞ –∞–∫—Ç–∏–≤–Ω–æ—Å—Ç–∏', 1, 'mod_actions', 1, 1, 1, 0, '---\nlimit: 15\nshow_target: 0\naction_types: \n  16: 16\n  15: 15\n  20: 20\n  10: 10\n  25: 25\n  13: 13\n  29: 29\n  23: 23\n  - 24\n  2: 2\n  27: 27\n  12: 12\n  17: 17\n  8: 8\n  18: 18\n  7: 7\n  26: 26\n  19: 19\n  22: 22\n  11: 11\n  21: 21\n  28: 28\n  9: 9\n  14: 14\n', 1, '', '', 0, 1, 'HOUR', 'module.tpl', 1, '1.7'),
(82, 'sidebar', '–ü—Ä–∏–≤–µ—Ç—Å—Ç–≤–∏–µ', '–£–Ω–∏–≤–µ—Ä—Å–∞–ª—å–Ω—ã–π –∫–∞—Ç–∞–ª–æ–≥', 0, '<p>–° –ø–æ–º–æ—â—å—é –∫–æ–º–ø–æ–Ω–µ–Ω—Ç–∞ &laquo;–£–Ω–∏–≤–µ—Ä—Å–∞–ª—å–Ω—ã–π –∫–∞—Ç–∞–ª–æ–≥&raquo;, –≤ –∫–æ—Ç–æ—Ä–æ–º –í—ã —Å–µ–π—á–∞—Å –Ω–∞—Ö–æ–¥–∏—Ç–µ—Å—å, –º–æ–∂–Ω–æ –æ—Ä–≥–∞–Ω–∏–∑–æ–≤–∞—Ç—å —Ö—Ä–∞–Ω–µ–Ω–∏–µ –ª—é–±—ã—Ö –¥–∞–Ω–Ω—ã—Ö. –û—Ç –∫–∞—Ä–∞–Ω–¥–∞—à–µ–π –¥–æ –∞–≤—Ç–æ–º–æ–±–∏–ª–µ–π.</p>\r\n<p>–ö–∞–∂–¥–∞—è —Ä—É–±—Ä–∏–∫–∞ –∫–∞—Ç–∞–ª–æ–≥–∞ –∏–º–µ–µ—Ç —Å–æ–±—Å—Ç–≤–µ–Ω–Ω—ã–π –Ω–∞–±–æ—Ä —Ö–∞—Ä–∞–∫—Ç–µ—Ä–∏—Å—Ç–∏–∫, –∫–æ—Ç–æ—Ä—ã–π –º–æ–∂–Ω–æ –∏–∑–º–µ–Ω–∏—Ç—å –≤ –ø–∞–Ω–µ–ª–∏ —É–ø—Ä–∞–≤–ª–µ–Ω–∏—è. –ü–æ–ª—å–∑–æ–≤–∞—Ç–µ–ª–∏ –º–æ–≥—É—Ç —Ñ–∏–ª—å—Ç—Ä–æ–≤–∞—Ç—å –∑–∞–ø–∏—Å–∏ –∫–∞—Ç–∞–ª–æ–≥–∞ –ø–æ —Ö–∞—Ä–∞–∫—Ç–µ—Ä–∏—Å—Ç–∏–∫–∞–º –æ–¥–Ω–∏–º —â–µ–ª—á–∫–æ–º –º—ã—à–∏.&nbsp;</p>\r\n<p>–õ—é–±–æ–π –ø–æ–ª—å–∑–æ–≤–∞—Ç–µ–ª—å –º–æ–∂–µ—Ç –¥–æ–±–∞–≤–ª—è—Ç—å —Å–æ–±—Å—Ç–≤–µ–Ω–Ω—ã–µ –∑–∞–ø–∏—Å–∏ –≤ —Ç–µ —Ä—É–±—Ä–∏–∫–∏ –∫–∞—Ç–∞–ª–æ–≥–∞, –¥–ª—è –∫–æ—Ç–æ—Ä—ã—Ö —ç—Ç–æ —Ä–∞–∑—Ä–µ—à–µ–Ω–æ –≤ –Ω–∞—Å—Ç—Ä–æ–π–∫–∞—Ö.</p>', 14, 1, 1, 1, '', 1, '', '', 0, 24, 'HOUR', 'module.tpl', 1, '1.0'),
(83, 'sidebar', '–°—Ç–∞—Ç–∏—Å—Ç–∏–∫–∞ –ø–æ–ª—å–∑–æ–≤–∞—Ç–µ–ª–µ–π', '–°—Ç–∞—Ç–∏—Å—Ç–∏–∫–∞ –ø–æ–ª—å–∑–æ–≤–∞—Ç–µ–ª–µ–π', 1, 'mod_user_stats', 1, 1, 1, 0, '---\nshow_total: 1\nshow_online: 1\nshow_gender: 1\nshow_city: 1\nshow_bday: 1\n', 1, '', '', 0, 1, 'HOUR', 'module.tpl', 1, '1.0'),
(84, 'sidebar', '–î—Ä—É–∑—å—è –æ–Ω–ª–∞–π–Ω', '–î—Ä—É–∑—å—è –æ–Ω–ª–∞–π–Ω', 1, 'mod_user_friend', 5, 1, 0, 0, '---\r\nlimit: 5\r\nview_type: table', 1, '', '', 0, 1, 'HOUR', 'module_simple.tpl', 0, '1.0'),
(85, 'sidebar', '–ü—Ä–∏–≥–ª–∞—Å–∏—Ç—å –¥—Ä—É–≥–∞', '–ü—Ä–∏–≥–ª–∞—Å–∏—Ç—å –¥—Ä—É–≥–∞', 1, 'mod_invite', 1, 1, 0, 0, '', 1, '', '', 0, 1, 'HOUR', 'module.tpl', 1, '1.0');

-- --------------------------------------------------------

--
-- –°—Ç—Ä—É–∫—Ç—É—Ä–∞ —Ç–∞–±–ª–∏—Ü—ã `cms_modules_bind`
--

DROP TABLE IF EXISTS `cms_modules_bind`;
CREATE TABLE `cms_modules_bind` (
  `id` int(11) NOT NULL AUTO_INCREMENT,
  `module_id` int(11) NOT NULL,
  `menu_id` int(11) NOT NULL,
  `position` varchar(20) NOT NULL,
  PRIMARY KEY (`id`),
  KEY `position` (`position`)
) ENGINE=MyISAM  DEFAULT CHARSET=cp1251;

--
-- –î–∞–º–ø –¥–∞–Ω–Ω—ã—Ö —Ç–∞–±–ª–∏—Ü—ã `cms_modules_bind`
--

INSERT INTO `cms_modules_bind` (`id`, `module_id`, `menu_id`, `position`) VALUES
(329, 42, 0, ''),
(249, 31, 0, ''),
(568, 17, 1, 'top'),
(347, 41, 18, ''),
(498, 39, 1, 'sidebar'),
(417, 54, 24, 'sidebar'),
(416, 54, 21, 'sidebar'),
(264, 32, 5, ''),
(328, 2, 0, ''),
(263, 32, 8, ''),
(262, 32, 1, ''),
(596, 66, 0, 'header'),
(346, 41, 24, ''),
(588, 20, 1, 'sidebar'),
(412, 37, 22, 'sidebar'),
(433, 36, 19, 'sidebar'),
(381, 24, 1, 'sidebar'),
(492, 26, 22, 'sidebar'),
(314, 38, 8, ''),
(556, 1, 0, 'topmenu'),
(497, 27, 1, 'sidebar'),
(332, 43, 0, ''),
(413, 45, 1, ''),
(478, 46, 1, 'mainbottom'),
(458, 44, 1, 'sidebar'),
(491, 47, 1, 'mainbottom'),
(350, 48, 37, ''),
(595, 50, 1, 'maintop'),
(434, 51, 1, 'sidebar'),
(358, 52, 1, 'sidebar'),
(359, 52, 42, 'sidebar'),
(360, 52, 41, 'sidebar'),
(361, 52, 43, 'sidebar'),
(364, 53, 1, ''),
(415, 54, 19, 'sidebar'),
(422, 60, 1, 'maintop'),
(401, 55, 0, ''),
(609, 56, 0, 'sidebar'),
(403, 58, 63, ''),
(406, 59, 0, ''),
(435, 23, 1, 'sidebar'),
(572, 61, 1, 'sidebar'),
(465, 63, 1, 'sidebar'),
(587, 64, 1, 'maintop'),
(482, 67, 1, 'mainbottom'),
(496, 68, 0, 'maintop'),
(486, 69, 1, 'maintop'),
(617, 22, 1, 'sidebar'),
(493, 26, 23, 'sidebar'),
(604, 70, 15, 'sidebar'),
(591, 71, 1, 'mainbottom'),
(515, 72, 1, 'maintop'),
(516, 73, 1, 'maintop'),
(520, 74, 1, 'maintop'),
(575, 25, 1, 'sidebar'),
(531, 76, 1, 'sidebar'),
(541, 77, 1, ''),
(598, 19, 21, 'sidebar'),
(597, 19, 1, 'maintop'),
(582, 65, 17, 'sidebar'),
(592, 79, 1, 'maintop'),
(586, 62, 20, 'sidebar'),
(599, 82, 23, 'sidebar'),
(608, 49, 1, 'sidebar'),
(607, 83, 15, 'sidebar'),
(616, 75, 1, 'sidebar'),
(615, 87, 1, 'maintop');

-- --------------------------------------------------------

--
-- –°—Ç—Ä—É–∫—Ç—É—Ä–∞ —Ç–∞–±–ª–∏—Ü—ã `cms_ns_transactions`
--

DROP TABLE IF EXISTS `cms_ns_transactions`;
CREATE TABLE `cms_ns_transactions` (
  `IDTransaction` int(10) unsigned NOT NULL AUTO_INCREMENT,
  `TableName` tinytext,
  `Differ` tinytext,
  `InTransaction` bit(1) DEFAULT NULL,
  `TStamp` timestamp NULL DEFAULT NULL,
  PRIMARY KEY (`IDTransaction`)
) ENGINE=MyISAM DEFAULT CHARSET=cp1251;

--
-- –î–∞–º–ø –¥–∞–Ω–Ω—ã—Ö —Ç–∞–±–ª–∏—Ü—ã `cms_ns_transactions`
--


-- --------------------------------------------------------

--
-- –°—Ç—Ä—É–∫—Ç—É—Ä–∞ —Ç–∞–±–ª–∏—Ü—ã `cms_online`
--

DROP TABLE IF EXISTS `cms_online`;
CREATE TABLE `cms_online` (
  `id` int(11) NOT NULL AUTO_INCREMENT,
  `ip` varchar(15) NOT NULL,
  `sess_id` varchar(100) NOT NULL,
  `lastdate` datetime NOT NULL,
  `user_id` int(11) NOT NULL,
  `agent` varchar(250) NOT NULL,
  `viewurl` varchar(250) NOT NULL,
  PRIMARY KEY (`id`)
) ENGINE=MyISAM  DEFAULT CHARSET=cp1251;

--
-- –î–∞–º–ø –¥–∞–Ω–Ω—ã—Ö —Ç–∞–±–ª–∏—Ü—ã `cms_online`
--

INSERT INTO `cms_online` (`id`, `ip`, `sess_id`, `lastdate`, `user_id`, `agent`, `viewurl`) VALUES
(74, '127.0.0.1', 'd87oicgho0j136p0es32t5j1h0', '2011-03-28 15:15:01', 1, '', '/users/1/messages-sent.html');

-- --------------------------------------------------------

--
-- –°—Ç—Ä—É–∫—Ç—É—Ä–∞ —Ç–∞–±–ª–∏—Ü—ã `cms_photo_albums`
--

DROP TABLE IF EXISTS `cms_photo_albums`;
CREATE TABLE `cms_photo_albums` (
  `id` int(11) NOT NULL AUTO_INCREMENT,
  `parent_id` int(11) NOT NULL,
  `ordering` int(11) NOT NULL DEFAULT '1',
  `NSLeft` int(11) NOT NULL,
  `NSRight` int(11) NOT NULL,
  `NSDiffer` varchar(15) NOT NULL,
  `NSIgnore` int(11) NOT NULL,
  `NSLevel` int(11) NOT NULL,
  `title` varchar(100) NOT NULL,
  `description` varchar(100) NOT NULL,
  `published` int(11) NOT NULL,
  `showdate` int(11) NOT NULL DEFAULT '1',
  `iconurl` varchar(100) NOT NULL,
  `pubdate` datetime NOT NULL,
  `orderby` varchar(20) NOT NULL DEFAULT 'title',
  `orderto` varchar(4) NOT NULL DEFAULT 'asc',
  `public` int(11) NOT NULL,
  `perpage` int(11) NOT NULL DEFAULT '15',
  `cssprefix` varchar(20) NOT NULL,
  `thumb1` int(11) NOT NULL DEFAULT '96',
  `thumb2` int(11) NOT NULL DEFAULT '480',
  `thumbsqr` int(11) NOT NULL DEFAULT '1',
  `showtype` varchar(10) NOT NULL DEFAULT 'list',
  `nav` int(11) NOT NULL DEFAULT '1',
  `uplimit` int(11) NOT NULL,
  `maxcols` int(11) NOT NULL DEFAULT '4',
  `orderform` int(11) NOT NULL DEFAULT '1',
  `showtags` int(11) NOT NULL DEFAULT '1',
  `bbcode` int(11) NOT NULL DEFAULT '1',
  `user_id` int(11) NOT NULL DEFAULT '1',
  `is_comments` int(11) NOT NULL,
  PRIMARY KEY (`id`)
) ENGINE=MyISAM  DEFAULT CHARSET=cp1251;

--
-- –î–∞–º–ø –¥–∞–Ω–Ω—ã—Ö —Ç–∞–±–ª–∏—Ü—ã `cms_photo_albums`
--

INSERT INTO `cms_photo_albums` (`id`, `parent_id`, `ordering`, `NSLeft`, `NSRight`, `NSDiffer`, `NSIgnore`, `NSLevel`, `title`, `description`, `published`, `showdate`, `iconurl`, `pubdate`, `orderby`, `orderto`, `public`, `perpage`, `cssprefix`, `thumb1`, `thumb2`, `thumbsqr`, `showtype`, `nav`, `uplimit`, `maxcols`, `orderform`, `showtags`, `bbcode`, `user_id`, `is_comments`) VALUES
(100, 0, 1, 1, 6, '', 0, 0, '-- –ö–æ—Ä–Ω–µ–≤–æ–π –∞–ª—å–±–æ–º --', '', 1, 1, '', '2008-05-30 12:03:07', 'title', 'asc', 0, 15, '', 96, 480, 1, 'list', 1, 0, 4, 1, 1, 1, 1, 0),
(1, 100, 6, 2, 3, '', 0, 1, '–û–±—â–∏–π –∞–ª—å–±–æ–º', '–õ—é–±–æ–π –∑–∞—Ä–µ–≥–∏—Å—Ç—Ä–∏—Ä–æ–≤–∞–Ω–Ω—ã–π –ø–æ–ª—å–∑–æ–≤–∞—Ç–µ–ª—å –º–æ–∂–µ—Ç –¥–æ–±–∞–≤–∏—Ç—å —Å–≤–æ—é —Ñ–æ—Ç–æ–≥—Ä–∞—Ñ–∏—é –≤ —ç—Ç–æ—Ç –∞–ª—å–±–æ–º.', 1, 1, '', '2008-04-24 10:18:21', 'pubdate', 'asc', 2, 15, '', 96, 600, 1, 'lightbox', 1, 10, 5, 1, 1, 1, 1, 1),
(1034, 100, 8, 4, 5, '', 0, 1, '–ü—Ä–∏—Ä–æ–¥–∞', '–†–∞–∑–Ω—ã–µ –∫—Ä–∞—Å–∏–≤—ã–µ –ø–µ–π–∑–∞–∂–∏', 1, 1, '', '2010-10-12 13:44:56', 'pubdate', 'desc', 2, 20, '', 96, 600, 1, 'lightbox', 1, 20, 4, 1, 1, 1, 1, 1),
(1035, 0, 1, 1, 2, 'club14', 0, 0, '-–ö–ª—É–±: –ö–ª—É–± –ª—é–±–∏—Ç–µ–ª–µ–π InstantCMS-', '', 0, 1, '', '0000-00-00 00:00:00', 'title', 'asc', 0, 15, '', 96, 480, 1, 'list', 1, 0, 4, 0, 1, 1, 14, 0),
(1036, 0, 1, 1, 2, 'club15', 0, 0, '-–ö–æ—Ä–Ω–µ–≤–æ–π –∞–ª—å–±–æ–º –∫–ª—É–±–∞ –ö–ª—É–± –¥—è–¥–∏ –§–µ–¥–æ—Ä–∞-', '', 0, 1, '', '0000-00-00 00:00:00', 'title', 'asc', 0, 15, '', 96, 480, 1, 'list', 1, 0, 4, 0, 1, 1, 15, 0);

-- --------------------------------------------------------

--
-- –°—Ç—Ä—É–∫—Ç—É—Ä–∞ —Ç–∞–±–ª–∏—Ü—ã `cms_photo_files`
--

DROP TABLE IF EXISTS `cms_photo_files`;
CREATE TABLE `cms_photo_files` (
  `id` int(11) NOT NULL AUTO_INCREMENT,
  `album_id` int(11) NOT NULL,
  `title` varchar(200) NOT NULL,
  `description` text NOT NULL,
  `pubdate` datetime DEFAULT '0000-00-00 00:00:00',
  `file` varchar(200) NOT NULL,
  `published` int(11) NOT NULL,
  `hits` int(11) NOT NULL,
  `showdate` int(11) NOT NULL DEFAULT '1',
  `comments` int(11) NOT NULL DEFAULT '1',
  `user_id` int(11) NOT NULL DEFAULT '1',
  `owner` varchar(10) DEFAULT 'photos',
  PRIMARY KEY (`id`),
  FULLTEXT KEY `title` (`title`,`description`)
) ENGINE=MyISAM  DEFAULT CHARSET=cp1251;

--
-- –î–∞–º–ø –¥–∞–Ω–Ω—ã—Ö —Ç–∞–±–ª–∏—Ü—ã `cms_photo_files`
--

INSERT INTO `cms_photo_files` (`id`, `album_id`, `title`, `description`, `pubdate`, `file`, `published`, `hits`, `showdate`, `comments`, `user_id`, `owner`) VALUES
(10, 1, '–ó–∞–∫–∞—Ç –Ω–∞ –ø–ª—è–∂–µ', '', '2009-08-31 18:26:43', 'd0633d5a84f03a27f1b7d0419947e968.jpg', 1, 25, 1, 1, 1, 'photos'),
(11, 1, '–§–ª–æ—Ä–∏–¥–∞', '', '2009-08-31 18:27:33', '5e7a09ffcaa383df24d25d56c315f0d0.jpg', 1, 28, 1, 1, 1, 'photos'),
(15, 1034, '–ö—Ä–∞—Å–∏–≤—ã–π —Ü–≤–µ—Ç–æ–∫', '', '2010-10-12 13:47:32', '312604de74e4de8aec59626ac024c7d3.jpg', 1, 6, 1, 1, 1, 'photos'),
(16, 1034, '–ì—É—Å—Ç—ã–µ –¥–∂—É–Ω–≥–ª–∏', '', '2010-10-12 13:47:52', 'e223946b3d76cc37417d0304c9cb23a1.jpg', 1, 40, 1, 1, 1, 'photos'),
(17, 1034, '–í–∏–¥ –Ω–∞ –æ–∑–µ—Ä–æ', '<p>–ö—Ä–∞—Å–∏–≤—ã–π —Ç–µ–º–Ω—ã–π –ø–µ–π–∑–∞–∂ —Å –≤–∏–¥–æ–º –Ω–∞ –æ–∑–µ—Ä–æ</p>', '2010-10-12 17:00:27', '38fde6623d0ad43c79c4d90a88a07009.jpg', 1, 26, 1, 1, 1, 'photos');

-- --------------------------------------------------------

--
-- –°—Ç—Ä—É–∫—Ç—É—Ä–∞ —Ç–∞–±–ª–∏—Ü—ã `cms_plugins`
--

DROP TABLE IF EXISTS `cms_plugins`;
CREATE TABLE `cms_plugins` (
  `id` int(11) NOT NULL AUTO_INCREMENT,
  `plugin` varchar(30) NOT NULL,
  `title` varchar(255) NOT NULL,
  `description` text NOT NULL,
  `author` varchar(255) NOT NULL,
  `version` varchar(15) NOT NULL,
  `plugin_type` varchar(10) NOT NULL,
  `published` int(11) NOT NULL,
  `config` text NOT NULL,
  PRIMARY KEY (`id`)
) ENGINE=MyISAM  DEFAULT CHARSET=cp1251;

--
-- –î–∞–º–ø –¥–∞–Ω–Ω—ã—Ö —Ç–∞–±–ª–∏—Ü—ã `cms_plugins`
--

INSERT INTO `cms_plugins` (`id`, `plugin`, `title`, `description`, `author`, `version`, `plugin_type`, `published`, `config`) VALUES
(6, 'p_usertab', 'Demo Profile Plugin', '–ü—Ä–∏–º–µ—Ä –ø–ª–∞–≥–∏–Ω–∞ - –î–æ–±–∞–≤–ª—è–µ—Ç –≤–∫–ª–∞–¥–∫—É "–°—Ç–∞—Ç—å–∏" –≤ –ø—Ä–æ—Ñ–∏–ª–∏ –≤—Å–µ—Ö –ø–æ–ª—å–∑–æ–≤–∞—Ç–µ–ª–µ–π', 'InstantCMS Team', '1.0', 'plugin', 0, '---\n–ö–æ–ª–∏—á–µ—Å—Ç–≤–æ —Å—Ç–∞—Ç–µ–π: 10\n'),
(3, 'p_fckeditor', 'FCKEditor', '–í–∏–∑—É–∞–ª—å–Ω—ã–π —Ä–µ–¥–∞–∫—Ç–æ—Ä', 'F. C. Knabben', '2.63', 'wysiwyg', 1, '---\n'),
(5, 'p_demo', 'Demo Plugin', '–ü—Ä–∏–º–µ—Ä –ø–ª–∞–≥–∏–Ω–∞ - –î–æ–±–∞–≤–ª—è–µ—Ç —Ç–µ–∫—Å—Ç –≤ –∫–æ–Ω–µ—Ü –∫–∞–∂–¥–æ–π —Å—Ç–∞—Ç—å–∏ –Ω–∞ —Å–∞–π—Ç–µ', 'InstantCMS Team', '1.0', 'plugin', 0, '---\ntext: Added By Plugin From Parameter\ncolor: blue\ncounter: 1\n'),
(8, 'p_ping', '–ü–∏–Ω–≥ –ø–æ–∏—Å–∫–æ–≤—ã—Ö —Å–∏—Å—Ç–µ–º', '–ü–∏–Ω–≥—É–µ—Ç –Ø–Ω–¥–µ–∫—Å –∏ –ì—É–≥–ª –ø—Ä–∏ –¥–æ–±–∞–≤–ª–µ–Ω–∏–∏ —Å—Ç–∞—Ç–µ–π –∏ –ø–æ—Å—Ç–æ–≤ –≤ –±–ª–æ–≥–∏', 'InstantCMS Team', '1.0', 'plugin', 1, '---\nYandex HOST: ping.blogs.yandex.ru\nYandex PATH: /RPC2\nGoogle HOST: blogsearch.google.com\nGoogle PATH: /ping/RPC2\n'),
(15, 'p_morecontent', '–ü–æ—Ö–æ–∂–∏–µ —Å—Ç–∞—Ç—å–∏', '–î–æ–±–∞–≤–ª—è–µ—Ç –≤ –∫–æ–Ω–µ—Ü –∫–∞–∂–¥–æ–π —Å—Ç–∞—Ç—å–∏ —Å–ø–∏—Å–æ–∫ –ø–æ—Ö–æ–∂–∏—Ö —Å—Ç–∞—Ç–µ–π.', 'Maximov & InstantCMS Team', '1.0', 'plugin', 0, '---\nlimit: 5\nunsort: 1\n'),
(14, 'p_hidetext', '–°–∫—Ä—ã—Ç—ã–π —Ç–µ–∫—Å—Ç', '–°–∫—Ä—ã–≤–∞–µ—Ç —Å–æ–¥–µ—Ä–∂–∏–º–æ–µ —Ç–µ–≥–∞ [hide] –æ—Ç –Ω–µ–∑–∞—Ä–µ–≥–∏—Å—Ç—Ä–∏—Ä–æ–≤–∞–Ω–Ω—ã—Ö', 'InstantCMS Team', '1.0', 'plugin', 1, '---\n');

-- --------------------------------------------------------

--
-- –°—Ç—Ä—É–∫—Ç—É—Ä–∞ —Ç–∞–±–ª–∏—Ü—ã `cms_polls`
--

DROP TABLE IF EXISTS `cms_polls`;
CREATE TABLE `cms_polls` (
  `id` int(11) NOT NULL AUTO_INCREMENT,
  `title` varchar(200) NOT NULL,
  `pubdate` date NOT NULL DEFAULT '0000-00-00',
  `answers` text NOT NULL,
  PRIMARY KEY (`id`)
) ENGINE=MyISAM  DEFAULT CHARSET=cp1251;

--
-- –î–∞–º–ø –¥–∞–Ω–Ω—ã—Ö —Ç–∞–±–ª–∏—Ü—ã `cms_polls`
--

INSERT INTO `cms_polls` (`id`, `title`, `pubdate`, `answers`) VALUES
(2, '–ö–∞–∫–æ–π —É –≤–∞—Å —Ö–æ—Å—Ç–∏–Ω–≥?', '2008-05-23', 'a:3:{s:7:"–ü–ª–∞—Ç–Ω—ã–π";i:0;s:10:"–ë–µ—Å–ø–ª–∞—Ç–Ω—ã–π";i:1;s:11:"–°–æ–±—Å—Ç–≤–µ–Ω–Ω—ã–π";i:0;}');

-- --------------------------------------------------------

--
-- –°—Ç—Ä—É–∫—Ç—É—Ä–∞ —Ç–∞–±–ª–∏—Ü—ã `cms_polls_log`
--

DROP TABLE IF EXISTS `cms_polls_log`;
CREATE TABLE `cms_polls_log` (
  `id` int(11) NOT NULL AUTO_INCREMENT,
  `poll_id` int(11) NOT NULL,
  `answer_id` int(11) NOT NULL,
  `user_id` int(11) NOT NULL,
  `ip` varchar(15) NOT NULL,
  PRIMARY KEY (`id`)
) ENGINE=MyISAM DEFAULT CHARSET=cp1251;

--
-- –î–∞–º–ø –¥–∞–Ω–Ω—ã—Ö —Ç–∞–±–ª–∏—Ü—ã `cms_polls_log`
--


-- --------------------------------------------------------

--
-- –°—Ç—Ä—É–∫—Ç—É—Ä–∞ —Ç–∞–±–ª–∏—Ü—ã `cms_price_cats`
--

DROP TABLE IF EXISTS `cms_price_cats`;
CREATE TABLE `cms_price_cats` (
  `id` int(11) NOT NULL AUTO_INCREMENT,
  `title` varchar(200) NOT NULL,
  `description` text NOT NULL,
  `published` int(11) NOT NULL DEFAULT '1',
  PRIMARY KEY (`id`)
) ENGINE=MyISAM  DEFAULT CHARSET=cp1251;

--
-- –î–∞–º–ø –¥–∞–Ω–Ω—ã—Ö —Ç–∞–±–ª–∏—Ü—ã `cms_price_cats`
--

INSERT INTO `cms_price_cats` (`id`, `title`, `description`, `published`) VALUES
(4, '–ü–ª–∞–∫–∞—Ç—ã –∏ –∞–≥–∏—Ç–∞—Ü–∏–æ–Ω–Ω—ã–µ  –º–∞—Ç–µ—Ä–∏–∞–ª—ã', '', 1),
(5, '–û–±—É—á–∞—é—â–∏–µ –≤–∏–¥–µ–æ—Ñ–∏–ª—å–º—ã', '', 1),
(6, '–ë–ª–∞–Ω–∫–∏', '<p>–±–ª–∞ –±–ª–∞ –±–ª–∞–Ω–∫–∏</p>', 1),
(9, '–ù–æ—Ä–º–∞—Ç–∏–≤–Ω–æ-—Ç–µ—Ö–Ω–∏—á–µ—Å–∫–∞—è –¥–æ–∫—É–º–µ–Ω—Ç–∞—Ü–∏—è', '', 1);

-- --------------------------------------------------------

--
-- –°—Ç—Ä—É–∫—Ç—É—Ä–∞ —Ç–∞–±–ª–∏—Ü—ã `cms_price_items`
--

DROP TABLE IF EXISTS `cms_price_items`;
CREATE TABLE `cms_price_items` (
  `id` int(11) NOT NULL AUTO_INCREMENT,
  `category_id` int(11) NOT NULL,
  `title` varchar(230) NOT NULL,
  `price` float NOT NULL,
  `published` int(11) NOT NULL DEFAULT '1',
  `canmany` int(11) NOT NULL DEFAULT '1',
  PRIMARY KEY (`id`),
  FULLTEXT KEY `title` (`title`)
) ENGINE=MyISAM  DEFAULT CHARSET=cp1251;

--
-- –î–∞–º–ø –¥–∞–Ω–Ω—ã—Ö —Ç–∞–±–ª–∏—Ü—ã `cms_price_items`
--

INSERT INTO `cms_price_items` (`id`, `category_id`, `title`, `price`, `published`, `canmany`) VALUES
(688, 9, '–£—á–µ—Ç —Ç–µ–ø–ª–æ–≤–æ–π —ç–Ω–µ—Ä–≥–∏–∏ –∏ —Ç–µ–ø–ª–æ–Ω–æ—Å–∏—Ç–µ–ª—è. –≠–Ω–µ—Ä–≥–æ—Å–µ—Ä–≤–∏—Å, –ú–æ—Å–∫–≤–∞, 2004 –≥–æ–¥', 170, 1, 1),
(689, 9, '–§—É–Ω–∫—Ü–∏–æ–Ω–∞–ª—å–Ω—ã–µ –æ–±—è–∑–∞–Ω–Ω–æ—Å—Ç–∏  –ø–æ –æ—Ö—Ä–∞–Ω–µ —Ç—Ä—É–¥–∞ –∏ —Ç–µ—Ö–Ω–∏–∫–µ –±–µ–∑–æ–ø–∞—Å–Ω–æ—Å—Ç–∏.', 30, 1, 1),
(690, 9, '–¶–†–ë ‚Äì 288 –?–Ω—Å—Ç—Ä—É–∫—Ü–∏—è –ø–æ –±–µ–∑–æ–ø–∞—Å–Ω–æ–º—É –≤–µ–¥–µ–Ω–∏—é —Ä–∞–±–æ—Ç –¥–ª—è —Å—Ç—Ä–æ–ø–∞–ª—å—â–∏–∫–æ–≤, –æ–±—Å–ª—É–∂–∏–≤–∞—é—â–∏–µ –≥—Ä—É–∑–æ–ø–æ–¥—ä–µ–º–Ω—ã–µ –∫—Ä–∞–Ω—ã  (–º–∞—à–∏–Ω—ã). –°–ø–±. 2003 –≥.', 60, 1, 1),
(691, 9, '–≠–∫–æ–ª–æ–≥–∏—á–µ—Å–∫–∏–π –∫–æ–Ω—Ç—Ä–æ–ª—å. –°–±–æ—Ä–Ω–∏–∫ –Ω–æ—Ä–º–∞—Ç–∏–≤–Ω—ã—Ö –¥–æ–∫—É–º–µ–Ω—Ç–æ–≤. –ï–∫–∞—Ç–µ—Ä–∏–Ω–±—É—Ä–≥, 2007 –≥.', 186, 1, 1),
(692, 9, '–≠–∫—Å–ø–ª—É–∞—Ç–∞—Ü–∏—è –≥–∞–∑–æ–≤—ã—Ö —Ö–æ–∑—è–π—Å—Ç–≤ –ø—Ä–µ–¥–ø—Ä–∏—è—Ç–∏–π. –ü–æ—Å–æ–±–∏–µ –¥–ª—è –ø–µ—Ä—Å–æ–Ω–∞–ª–∞ –≥–∞–∑–æ–≤—ã—Ö —Ö–æ–∑—è–π—Å—Ç–≤ –ø—Ä–æ–º—ã—à–ª–µ–Ω–Ω—ã—Ö –ø—Ä–µ–¥–ø—Ä–∏—è—Ç–∏–π –∏ –¢–≠–°. –°..–ü–µ—Ç–µ—Ä–±—É—Ä–≥, 2006 –≥–æ–¥.', 380, 1, 1),
(693, 9, '–≠–∫—Å—Ç—Ä–µ–Ω–Ω–∞—è  –ø—Å–∏—Ö–æ–ª–æ–≥–∏—á–µ—Å–∫–∞—è  –ø–æ–º–æ—â—å. –ö–∞—Ä–º–∞–Ω–Ω—ã–π –≤–∞—Ä–∏–∞–Ω—Ç', 65, 1, 1),
(694, 6, '–ê–∫—Ç ¬´–û —Ä–∞—Å—Å–ª–µ–¥–æ–≤–∞–Ω–∏–∏ –≥—Ä—É–ø–ø–æ–≤–æ–≥–æ –Ω–µ—Å—á–∞—Å—Ç–Ω–æ–≥–æ —Å–ª—É—á–∞—è(—Ç—è–∂–µ–ª–æ–≥–æ –Ω–µ—Å—á–∞—Å—Ç–Ω–æ–≥–æ —Å–ª—É—á–∞—è, –Ω–µ—Å—á–∞—Å—Ç–Ω–æ–≥–æ —Å–ª—É—á–∞—è —Å–æ —Å–º–µ—Ä—Ç–µ–ª—å–Ω—ã–º –∏—Å—Ö–æ–¥–æ–º)¬ª', 10, 1, 1),
(695, 6, '–ê–∫—Ç —Ñ–æ—Ä–º—ã –ù.1', 10, 1, 1),
(713, 5, '–û—Ö—Ä–∞–Ω–∞ —Ç—Ä—É–¥–∞ –¥–ª—è —Ä–∞–±–æ—Ç–Ω–∏–∫–æ–≤ —Ç–æ—Ä–≥–æ–≤–ª–∏ –∏ –æ–±—â–µ—Å—Ç–≤–µ–Ω–Ω–æ–≥–æ –ø–∏—Ç–∞–Ω–∏—è (20 –º–∏–Ω) DVD-–¥–∏—Å–∫', 350, 1, 1),
(714, 5, '–û—Ö—Ä–∞–Ω–∞ —Ç—Ä—É–¥–∞ –ø—Ä–∏ —ç–∫—Å–ø–ª—É–∞—Ç–∞—Ü–∏–∏ —ç–ª–µ–∫—Ç—Ä–æ—É—Å—Ç–∞–Ω–æ–≤–æ–∫ (20 –º–∏–Ω) DVD-–¥–∏—Å–∫', 350, 1, 1),
(720, 4, '¬´–ë–µ–∑–æ–ø–∞—Å–Ω–∞—è —Ä–∞–±–æ—Ç–∞ –Ω–∞ –≥–∞–∑–æ—Å–≤–∞—Ä–æ—á–Ω–æ–º –æ–±–æ—Ä—É–¥–æ–≤–∞–Ω–∏–∏¬ª . 1 –ª–∏—Å—Ç', 187, 1, 1),
(721, 4, '¬´–ë–µ–∑–æ–ø–∞—Å–Ω–∞—è —ç–∫—Å–ø–ª—É–∞—Ç–∞—Ü–∏—è –≥–∞–∑–æ—Ä–∞—Å–ø—Ä–µ–¥–µ–ª–∏—Ç–µ–ª—å–Ω—ã—Ö –ø—É–Ω–∫—Ç–æ–≤¬ª. –ö–æ–º–ø–ª–µ–∫—Ç –∏–∑ 4 –ª–∏—Å—Ç–æ–≤.', 486, 1, 1),
(722, 4, '¬´–ë–µ–∑–æ–ø–∞—Å–Ω–∞—è —ç–∫—Å–ø–ª—É–∞—Ç–∞—Ü–∏—è –ø–∞—Ä–æ–≤—ã—Ö –∫–æ—Ç–ª–æ–≤¬ª . –ö–æ–º–ø–ª–µ–∫—Ç –∏–∑ 5 –ª–∏—Å—Ç–æ–≤.', 597, 1, 1),
(723, 4, '¬´–ë–µ–∑–æ–ø–∞—Å–Ω–æ—Å—Ç—å –≥—Ä—É–∑–æ–ø–æ–¥—ä–µ–º–Ω—ã—Ö —Ä–∞–±–æ—Ç¬ª . –ö–æ–º–ø–ª–µ–∫—Ç', 596, 1, 1),
(724, 4, '¬´–ë–µ–∑–æ–ø–∞—Å–Ω–æ—Å—Ç—å  —Ä–∞–±–æ—Ç —Å —ç–ª–µ–∫—Ç—Ä–æ–ø–æ–≥—Ä—É–∑—á–∏–∫–∞–º–∏ ¬ª .–ö–æ–º–ø–ª–µ–∫—Ç –∏–∑ 2 –ª–∏—Å—Ç–æ–≤.', 282, 1, 1),
(891, 6, '–∫—Ä—É—Ç–∞—è "—à—Ç—É–∫–∞" –ø—ã–≤–ø—ã–≤–ø', 123, 1, 0);

-- --------------------------------------------------------

--
-- –°—Ç—Ä—É–∫—Ç—É—Ä–∞ —Ç–∞–±–ª–∏—Ü—ã `cms_ratings`
--

DROP TABLE IF EXISTS `cms_ratings`;
CREATE TABLE `cms_ratings` (
  `id` int(11) NOT NULL AUTO_INCREMENT,
  `item_id` int(11) NOT NULL,
  `points` int(11) NOT NULL,
  `ip` varchar(20) NOT NULL,
  `target` varchar(20) NOT NULL,
  `user_id` int(11) NOT NULL DEFAULT '1',
  `pubdate` datetime NOT NULL,
  PRIMARY KEY (`id`)
) ENGINE=MyISAM  DEFAULT CHARSET=cp1251;

--
-- –î–∞–º–ø –¥–∞–Ω–Ω—ã—Ö —Ç–∞–±–ª–∏—Ü—ã `cms_ratings`
--

INSERT INTO `cms_ratings` (`id`, `item_id`, `points`, `ip`, `target`, `user_id`, `pubdate`) VALUES
(1, 18, 1, '127.0.0.1', 'comment', 1, '2011-03-19 14:44:34');

-- --------------------------------------------------------

--
-- –°—Ç—Ä—É–∫—Ç—É—Ä–∞ —Ç–∞–±–ª–∏—Ü—ã `cms_ratings_total`
--

DROP TABLE IF EXISTS `cms_ratings_total`;
CREATE TABLE `cms_ratings_total` (
  `id` int(11) NOT NULL AUTO_INCREMENT,
  `target` varchar(32) NOT NULL,
  `item_id` mediumint(9) NOT NULL,
  `total_rating` int(11) NOT NULL,
  `total_votes` int(11) NOT NULL,
  PRIMARY KEY (`id`),
  KEY `target` (`target`,`item_id`)
) ENGINE=MyISAM  DEFAULT CHARSET=cp1251;

--
-- –î–∞–º–ø –¥–∞–Ω–Ω—ã—Ö —Ç–∞–±–ª–∏—Ü—ã `cms_ratings_total`
--

INSERT INTO `cms_ratings_total` (`id`, `target`, `item_id`, `total_rating`, `total_votes`) VALUES
(1, 'comment', 18, 1, 1);

-- --------------------------------------------------------

--
-- –°—Ç—Ä—É–∫—Ç—É—Ä–∞ —Ç–∞–±–ª–∏—Ü—ã `cms_rating_targets`
--

DROP TABLE IF EXISTS `cms_rating_targets`;
CREATE TABLE `cms_rating_targets` (
  `id` int(11) NOT NULL AUTO_INCREMENT,
  `target` varchar(32) NOT NULL,
  `component` varchar(32) NOT NULL,
  `is_user_affect` tinyint(4) NOT NULL,
  `user_weight` smallint(6) NOT NULL,
  `target_table` varchar(32) NOT NULL,
  `target_title` varchar(70) NOT NULL,
  PRIMARY KEY (`id`),
  KEY `target` (`target`)
) ENGINE=MyISAM  DEFAULT CHARSET=cp1251;

--
-- –î–∞–º–ø –¥–∞–Ω–Ω—ã—Ö —Ç–∞–±–ª–∏—Ü—ã `cms_rating_targets`
--

INSERT INTO `cms_rating_targets` (`id`, `target`, `component`, `is_user_affect`, `user_weight`, `target_table`, `target_title`) VALUES
(1, 'content', 'content', 1, 5, 'cms_content', '–°—Ç–∞—Ç—å—è'),
(2, 'photo', 'photos', 1, 5, 'cms_photo_files', '–§–æ—Ç–æ –≤ –≥–∞–ª–µ—Ä–µ–µ'),
(3, 'blogpost', 'blogs', 1, 5, 'cms_blog_posts', '–ü–æ—Å—Ç –≤ –±–ª–æ–≥–µ'),
(4, 'comment', 'comments', 1, 2, 'cms_comments', '–ö–æ–º–º–µ–Ω—Ç–∞—Ä–∏–π');

-- --------------------------------------------------------

--
-- –°—Ç—Ä—É–∫—Ç—É—Ä–∞ —Ç–∞–±–ª–∏—Ü—ã `cms_search`
--

DROP TABLE IF EXISTS `cms_search`;
CREATE TABLE `cms_search` (
  `id` int(11) NOT NULL,
  `session_id` varchar(100) NOT NULL,
  `title` varchar(250) NOT NULL,
  `link` varchar(200) NOT NULL,
  `place` varchar(100) NOT NULL,
  `placelink` varchar(500) NOT NULL
) ENGINE=MyISAM DEFAULT CHARSET=cp1251;

--
-- –î–∞–º–ø –¥–∞–Ω–Ω—ã—Ö —Ç–∞–±–ª–∏—Ü—ã `cms_search`
--


-- --------------------------------------------------------

--
-- –°—Ç—Ä—É–∫—Ç—É—Ä–∞ —Ç–∞–±–ª–∏—Ü—ã `cms_stats`
--

DROP TABLE IF EXISTS `cms_stats`;
CREATE TABLE `cms_stats` (
  `id` int(11) NOT NULL AUTO_INCREMENT,
  `ip` varchar(20) NOT NULL,
  `logdate` datetime NOT NULL,
  `page` varchar(200) NOT NULL,
  `agent` varchar(60) DEFAULT 'unknown',
  `refer` varchar(200) NOT NULL,
  PRIMARY KEY (`id`)
) ENGINE=MyISAM DEFAULT CHARSET=cp1251;

--
-- –î–∞–º–ø –¥–∞–Ω–Ω—ã—Ö —Ç–∞–±–ª–∏—Ü—ã `cms_stats`
--


-- --------------------------------------------------------

--
-- –°—Ç—Ä—É–∫—Ç—É—Ä–∞ —Ç–∞–±–ª–∏—Ü—ã `cms_subscribe`
--

DROP TABLE IF EXISTS `cms_subscribe`;
CREATE TABLE `cms_subscribe` (
  `id` int(11) NOT NULL AUTO_INCREMENT,
  `user_id` int(11) NOT NULL,
  `target` varchar(20) NOT NULL,
  `target_id` int(11) NOT NULL,
  `pubdate` datetime NOT NULL,
  PRIMARY KEY (`id`)
) ENGINE=MyISAM DEFAULT CHARSET=cp1251;

--
-- –î–∞–º–ø –¥–∞–Ω–Ω—ã—Ö —Ç–∞–±–ª–∏—Ü—ã `cms_subscribe`
--


-- --------------------------------------------------------

--
-- –°—Ç—Ä—É–∫—Ç—É—Ä–∞ —Ç–∞–±–ª–∏—Ü—ã `cms_tags`
--

DROP TABLE IF EXISTS `cms_tags`;
CREATE TABLE `cms_tags` (
  `id` int(11) NOT NULL AUTO_INCREMENT,
  `tag` varchar(250) NOT NULL,
  `target` varchar(25) NOT NULL,
  `item_id` int(11) NOT NULL,
  PRIMARY KEY (`id`)
) ENGINE=MyISAM  DEFAULT CHARSET=cp1251;

--
-- –î–∞–º–ø –¥–∞–Ω–Ω—ã—Ö —Ç–∞–±–ª–∏—Ü—ã `cms_tags`
--

INSERT INTO `cms_tags` (`id`, `tag`, `target`, `item_id`) VALUES
(255, '–ø—Ä–∏–º–µ—Ä', 'photo', 11),
(257, '–ø—Ä–∏–º–µ—Ä', 'photo', 10),
(256, '—Ñ–æ—Ç–æ', 'photo', 10),
(254, '—Ñ–æ—Ç–æ', 'photo', 11),
(78, '–∫–∞—Ä–∞–Ω–¥–∞—à–∏', 'catalog', 1),
(77, '–ø–∞—Å—Ç–µ–ª—å', 'catalog', 1),
(85, '–∫—Ä–∞—Å–∫–∏', 'catalog', 2),
(84, '–Ω–∞–±–æ—Ä', 'catalog', 2),
(26, '–∞–≤—Ç–æ', 'catalog', 5),
(27, '–º–∏–Ω–∏–≤—ç–Ω', 'catalog', 5),
(28, '—Ç–æ–π–æ—Ç–∞', 'catalog', 5),
(31, '–∞–≤—Ç–æ', 'catalog', 7),
(32, '–º–∏–Ω–∏–≤—ç–Ω', 'catalog', 7),
(241, '–±–ª–æ–≥', 'blogpost', 5),
(240, '–ø—Ä–∏–º–µ—Ä', 'blogpost', 5),
(273, '–≥–µ–æ–ª–æ–≥–∏—è', 'content', 31),
(272, '–ø—Ä–∏–º–µ—Ä', 'content', 31),
(271, '—Å—Ç–∞—Ç—å—è', 'content', 31),
(279, '–≥–µ–æ–ª–æ–≥–∏—è', 'content', 32),
(278, '–ø—Ä–∏–º–µ—Ä', 'content', 32),
(277, '—Å—Ç–∞—Ç—å—è', 'content', 32),
(282, '–º–∞—Ä–∫–µ—Ç–∏–Ω–≥', 'content', 33),
(281, '–ø—Ä–∏–º–µ—Ä', 'content', 33),
(280, '—Å—Ç–∞—Ç—å—è', 'content', 33),
(226, '–º–∞—Ä–∫–µ—Ç–∏–Ω–≥', 'content', 34),
(225, '–ø—Ä–∏–º–µ—Ä', 'content', 34),
(224, '—Å—Ç–∞—Ç—å—è', 'content', 34),
(171, '–ø—Å–∏—Ö–æ–ª–æ–≥–∏—è', 'content', 35),
(170, '—Å—Ç–∞—Ç—å—è', 'content', 35),
(253, '–ø—Ä–∏–º–µ—Ä', 'content', 36),
(252, '–ø—Å–∏—Ö–æ–ª–æ–≥–∏—è', 'content', 36),
(172, '–ø—Ä–∏–º–µ—Ä', 'content', 35),
(251, '—Å—Ç–∞—Ç—å—è', 'content', 36);

-- --------------------------------------------------------

--
-- –°—Ç—Ä—É–∫—Ç—É—Ä–∞ —Ç–∞–±–ª–∏—Ü—ã `cms_uc_cart`
--

DROP TABLE IF EXISTS `cms_uc_cart`;
CREATE TABLE `cms_uc_cart` (
  `id` int(11) NOT NULL AUTO_INCREMENT,
  `user_id` int(11) NOT NULL,
  `session_id` varchar(50) NOT NULL,
  `item_id` int(11) NOT NULL,
  `pubdate` datetime NOT NULL,
  `itemscount` int(11) NOT NULL,
  PRIMARY KEY (`id`)
) ENGINE=MyISAM DEFAULT CHARSET=cp1251;

--
-- –î–∞–º–ø –¥–∞–Ω–Ω—ã—Ö —Ç–∞–±–ª–∏—Ü—ã `cms_uc_cart`
--


-- --------------------------------------------------------

--
-- –°—Ç—Ä—É–∫—Ç—É—Ä–∞ —Ç–∞–±–ª–∏—Ü—ã `cms_uc_cats`
--

DROP TABLE IF EXISTS `cms_uc_cats`;
CREATE TABLE `cms_uc_cats` (
  `id` int(11) NOT NULL AUTO_INCREMENT,
  `parent_id` int(11) NOT NULL,
  `title` varchar(200) NOT NULL,
  `description` text NOT NULL,
  `published` int(11) NOT NULL DEFAULT '1',
  `fieldsstruct` text,
  `view_type` varchar(20) NOT NULL DEFAULT 'list',
  `fields_show` int(11) NOT NULL DEFAULT '10',
  `showmore` int(11) NOT NULL DEFAULT '1',
  `perpage` int(11) NOT NULL DEFAULT '20',
  `showtags` int(11) NOT NULL DEFAULT '1',
  `showsort` int(11) NOT NULL DEFAULT '1',
  `is_ratings` int(11) NOT NULL,
  `orderby` varchar(12) NOT NULL DEFAULT 'pubdate',
  `orderto` varchar(10) DEFAULT 'desc',
  `showabc` int(11) NOT NULL DEFAULT '1',
  `shownew` int(11) NOT NULL,
  `newint` varchar(100) NOT NULL,
  `filters` int(11) NOT NULL,
  `is_shop` int(11) NOT NULL,
  `NSLeft` int(11) NOT NULL,
  `NSRight` int(11) NOT NULL,
  `NSLevel` int(11) NOT NULL,
  `NSDiffer` int(11) NOT NULL,
  `NSIgnore` int(11) NOT NULL,
  `ordering` int(11) NOT NULL,
  `is_public` int(11) NOT NULL,
  `can_edit` int(11) NOT NULL DEFAULT '0',
  PRIMARY KEY (`id`)
) ENGINE=MyISAM  DEFAULT CHARSET=cp1251;

--
-- –î–∞–º–ø –¥–∞–Ω–Ω—ã—Ö —Ç–∞–±–ª–∏—Ü—ã `cms_uc_cats`
--

INSERT INTO `cms_uc_cats` (`id`, `parent_id`, `title`, `description`, `published`, `fieldsstruct`, `view_type`, `fields_show`, `showmore`, `perpage`, `showtags`, `showsort`, `is_ratings`, `orderby`, `orderto`, `showabc`, `shownew`, `newint`, `filters`, `is_shop`, `NSLeft`, `NSRight`, `NSLevel`, `NSDiffer`, `NSIgnore`, `ordering`, `is_public`, `can_edit`) VALUES
(1000, 0, '-- –ö–æ—Ä–Ω–µ–≤–∞—è —Ä—É–±—Ä–∏–∫–∞ --', '', 1, '', 'list', 10, 1, 20, 1, 1, 0, 'pubdate', 'desc', 1, 0, '', 0, 0, 1, 6, 0, 0, 0, 1, 0, 0),
(2, 1000, '–ê–≤—Ç–æ–º–æ–±–∏–ª–∏', '', 1, 'a:4:{i:0;s:15:"–¢–∏–ø –∫—É–∑–æ–≤–∞/~m~/";i:1;s:15:"–û–±—ä–µ–º –¥–≤–∏–≥–∞—Ç–µ–ª—è";i:2;s:16:"–ì–æ–¥ –≤—ã–ø—É—Å–∫–∞/~m~/";i:3;s:13:"–û–ø–∏—Å–∞–Ω–∏–µ/~h~/";}', 'list', 2, 1, 20, 1, 1, 0, 'pubdate', 'desc', 1, 1, '2 DAY', 0, 0, 2, 3, 1, 0, 0, 22, 0, 0),
(1, 1000, '–ö–∞–Ω—Ü–µ–ª—è—Ä—Å–∫–∏–µ –ø—Ä–∏–Ω–∞–¥–ª–µ–∂–Ω–æ—Å—Ç–∏', '', 1, 'a:6:{i:0;s:12:"–ê—Ä—Ç–∏–∫—É–ª/~m~/";i:1;s:10:"–¶–≤–µ—Ç–∞/~m~/";i:2;s:18:"–ú–∏–Ω–∏–º–∞–ª—å–Ω–∞—è –ø–∞—Ä—Ç–∏—è";i:3;s:13:"–û–ø–∏—Å–∞–Ω–∏–µ/~h~/";i:4;s:11:"–†–∞–∑–º–µ—Ä/~m~/";i:5;s:12:"–°–∫–∞—á–∞—Ç—å/~l~/";}', 'shop', 4, 0, 11, 0, 0, 0, 'hits', 'desc', 0, 0, '123 HOUR', 0, 0, 4, 5, 1, 0, 0, 23, 1, 0);

-- --------------------------------------------------------

--
-- –°—Ç—Ä—É–∫—Ç—É—Ä–∞ —Ç–∞–±–ª–∏—Ü—ã `cms_uc_cats_access`
--

DROP TABLE IF EXISTS `cms_uc_cats_access`;
CREATE TABLE `cms_uc_cats_access` (
  `cat_id` int(11) NOT NULL,
  `group_id` int(11) NOT NULL,
  KEY `cat_id` (`cat_id`,`group_id`)
) ENGINE=MyISAM DEFAULT CHARSET=cp1251;

--
-- –î–∞–º–ø –¥–∞–Ω–Ω—ã—Ö —Ç–∞–±–ª–∏—Ü—ã `cms_uc_cats_access`
--


-- --------------------------------------------------------

--
-- –°—Ç—Ä—É–∫—Ç—É—Ä–∞ —Ç–∞–±–ª–∏—Ü—ã `cms_uc_discount`
--

DROP TABLE IF EXISTS `cms_uc_discount`;
CREATE TABLE `cms_uc_discount` (
  `id` int(11) NOT NULL AUTO_INCREMENT,
  `title` varchar(150) NOT NULL,
  `cat_id` int(11) NOT NULL,
  `sign` tinyint(4) NOT NULL,
  `value` float NOT NULL,
  `unit` varchar(10) NOT NULL,
  `if_limit` int(11) NOT NULL,
  PRIMARY KEY (`id`),
  KEY `cat_id` (`cat_id`)
) ENGINE=MyISAM  DEFAULT CHARSET=cp1251;

--
-- –î–∞–º–ø –¥–∞–Ω–Ω—ã—Ö —Ç–∞–±–ª–∏—Ü—ã `cms_uc_discount`
--

INSERT INTO `cms_uc_discount` (`id`, `title`, `cat_id`, `sign`, `value`, `unit`, `if_limit`) VALUES
(2, '–ü–æ—á—Ç–æ–≤—ã–µ —Ä–∞—Å—Ö–æ–¥—ã', 0, 2, 200, '—Ä—É–±.', 0),
(3, '–°–∫–∏–¥–∫–∞ –Ω–∞ –∫–∞–Ω—Ü.—Ç–æ–≤–∞—Ä—ã', 1, -1, 15, '%', 0);

-- --------------------------------------------------------

--
-- –°—Ç—Ä—É–∫—Ç—É—Ä–∞ —Ç–∞–±–ª–∏—Ü—ã `cms_uc_items`
--

DROP TABLE IF EXISTS `cms_uc_items`;
CREATE TABLE `cms_uc_items` (
  `id` int(11) NOT NULL AUTO_INCREMENT,
  `category_id` int(11) NOT NULL,
  `title` varchar(200) NOT NULL,
  `pubdate` datetime NOT NULL DEFAULT '0000-00-00 00:00:00',
  `published` int(11) NOT NULL DEFAULT '1',
  `imageurl` varchar(200) NOT NULL,
  `fieldsdata` text NOT NULL,
  `hits` int(11) NOT NULL,
  `is_comments` int(11) NOT NULL,
  `tags` varchar(200) NOT NULL,
  `rating` float NOT NULL,
  `meta_desc` varchar(250) NOT NULL,
  `meta_keys` varchar(250) NOT NULL,
  `price` float NOT NULL,
  `canmany` int(11) NOT NULL DEFAULT '1',
  `user_id` int(11) NOT NULL,
  `on_moderate` int(11) NOT NULL,
  PRIMARY KEY (`id`),
  FULLTEXT KEY `title` (`title`,`fieldsdata`)
) ENGINE=MyISAM  DEFAULT CHARSET=cp1251;

--
-- –î–∞–º–ø –¥–∞–Ω–Ω—ã—Ö —Ç–∞–±–ª–∏—Ü—ã `cms_uc_items`
--

INSERT INTO `cms_uc_items` (`id`, `category_id`, `title`, `pubdate`, `published`, `imageurl`, `fieldsdata`, `hits`, `is_comments`, `tags`, `rating`, `meta_desc`, `meta_keys`, `price`, `canmany`, `user_id`, `on_moderate`) VALUES
(1, 1, '–ö–∞—Ä–∞–Ω–¥–∞—à–∏', '2008-06-03 13:38:55', 1, 'b00117f6bca1efaaef37b44da87c1100.jpg', 'a:4:{i:0;s:7:"3130070";i:1;s:7:"–±–µ–∂–µ–≤—ã–π";i:2;s:7:"191 —à—Ç.";i:3;s:64:"–ù–∞–±–æ—Ä –¥–ª—è —Ä–∏—Å–æ–≤–∞–Ω–∏—è: 12 —Ü–≤–µ—Ç–Ω—ã—Ö –∫–∞—Ä–∞–Ω–¥–∞—à–µ–π –≤ –∫–∞—Ä—Ç–æ–Ω–Ω–æ–π –∫–æ—Ä–æ–±–æ—á–∫–µ";}', 37, 1, '–ø–∞—Å—Ç–µ–ª—å, –∫–∞—Ä–∞–Ω–¥–∞—à–∏', 0, '', '', 14.6, 1, 0, 0),
(2, 1, '–ù–∞–±–æ—Ä –¥–ª—è —Ä–∏—Å–æ–≤–∞–Ω–∏—è', '2008-06-03 13:40:37', 1, 'b21ddffd1e9fe4716f5d1496c4e74400.jpg', 'a:5:{i:0;s:10:"3170050PK2";i:1;s:34:"–±–µ–∂–µ–≤—ã–π, –∫—Ä–∞—Å–Ω—ã–π, —Å–∏–Ω–∏–π, –æ—Ä–∞–Ω–∂–µ–≤—ã–π";i:2;s:6:"84 —à—Ç.";i:3;s:65:"8 –≤–æ—Å–∫–æ–≤—ã—Ö –∫–∞—Ä–∞–Ω–¥–∞—à–µ–π, 8 –∫—Ä–∞—Å–æ–∫ –∏ –∫–∏—Å—Ç–æ—á–∫–∞, –≤ –ø–ª–∞—Å—Ç–∏–∫–æ–≤–æ–º —Ñ—É—Ç–ª—è—Ä–µ";i:4;s:19:"11.00, 12.55, 13.02";}', 41, 1, '–Ω–∞–±–æ—Ä, –∫—Ä–∞—Å–∫–∏', 0, '', '', 24, 1, 0, 0),
(5, 2, 'Toyota Estima', '2008-06-03 13:47:00', 1, '96bd390df9222bdc684ceec8afc94ec3.jpg', 'a:4:{i:0;s:7:"–º–∏–Ω–∏–≤—ç–Ω";i:1;s:9:"2,4 –ª–∏—Ç—Ä–∞";i:2;s:4:"2000";i:3;s:1056:"<p>–í—Ç–æ—Ä–æ–µ –ø–æ–∫–æ–ª–µ–Ω–∏–µ Toyota Estima, –ø–æ—è–≤–∏–≤—à–µ–µ—Å—è –Ω–∞ —Ä—ã–Ω–∫–µ –≤ 2000 –≥–æ–¥—É, –ª–∏–¥–∏—Ä—É–µ—Ç —Å—Ä–µ–¥–∏ –º–∏–Ω–∏–≤—ç–Ω–æ–≤. –ü—Ä–µ–¥—à–µ—Å—Ç–≤—É—é—â–µ–µ –ø–æ–∫–æ–ª–µ–Ω–∏–µ –º–æ–¥–µ–ª–∏ –æ—Ç–ª–∏—á–∞–ª–æ—Å—å –æ—Ç –Ω—ã–Ω–µ—à–Ω–µ–≥–æ —Ç—Ä–∞–¥–∏—Ü–∏–æ–Ω–Ω—ã–º –ø–µ—Ä–µ–¥–Ω–∏–º –ø—Ä–∏–≤–æ–¥–æ–º. –í –∫–æ–º–ø–ª–µ–∫—Ç–∞—Ü–∏—é Estima –≤—Ö–æ–¥—è—Ç –¥–≤–µ –≤–∞—Ä–∏–∞—Ü–∏–∏ –¥–≤–∏–≥–∞—Ç–µ–ª–µ–π: –Ω–æ–≤—ã–π 4-—Ü–∏–ª–∏–Ω–¥—Ä–æ–≤—ã–π —Ä—è–¥–Ω—ã–π –¥–≤–∏–≥–∞—Ç–µ–ª—å –æ–±—ä–µ–º–æ–º 2.4 –ª–∏—Ç—Ä–∞ —Å —Å–∏—Å—Ç–µ–º–æ–π –≥–∞–∑–æ—Ä–∞—Å–ø—Ä–µ–¥–µ–ª–µ–Ω–∏—è DOHC –∏ 3-–ª–∏—Ç—Ä–æ–≤—ã–π 6-—Ü–∏–ª–∏–Ω–¥—Ä–æ–≤—ã–π V-–æ–±—Ä–∞–∑–Ω—ã–π –¥–≤–∏–≥–∞—Ç–µ–ª—å —Å —Ç–æ–π –∂–µ —Å–∏—Å—Ç–µ–º–æ–π –≥–∞–∑–æ—Ä–∞—Å–ø—Ä–µ–¥–µ–ª–µ–Ω–∏—è. Estima –æ—Å–Ω–∞—â–∞–µ—Ç—Å—è –ø–æ–ª–Ω—ã–º –ø—Ä–∏–≤–æ–¥–æ–º —Å —Ñ—É–Ω–∫—Ü–∏–µ–π –∞–∫—Ç–∏–≤–Ω–æ–≥–æ –∫–æ–Ω—Ç—Ä–æ–ª—è.</p>\r\n<p>–û—Ä–∏–≥–∏–Ω–∞–ª—å–Ω–æ—Å—Ç—å —ç–∫—Å—Ç–µ—Ä—å–µ—Ä–∞ –¥–∞–Ω–Ω–æ–≥–æ –∞–≤—Ç–æ–º–æ–±–∏–ª—è –ø—Ä–æ—è–≤–ª—è–µ—Ç—Å—è –≤ —Ö–∞—Ä–∞–∫—Ç–µ—Ä–Ω—ã—Ö –∂–µ—Å—Ç–∫–∏—Ö –ª–∏–Ω–∏—è—Ö –∫—É–∑–æ–≤–∞ –∏ —Ä–∞—Å–∫–æ—Å—ã—Ö –ø–µ—Ä–µ–¥–Ω–∏—Ö —Ñ–∞—Ä–∞—Ö. –®–∏—Ä–∏–Ω–∞ –∏ –≤—ã—Å–æ—Ç–∞ –∞–≤—Ç–æ–º–æ–±–∏–ª—è —Å—Ç–∞–ª–∏ –º–µ–Ω—å—à–µ –ø–æ —Å—Ä–∞–≤–Ω–µ–Ω–∏—é —Å –ø—Ä–µ–¥—ã–¥—É—â–∏–º –ø–æ–∫–æ–ª–µ–Ω–∏–µ–º, –Ω–æ –∑–∞—Ç–æ –∫–æ–ª–µ—Å–Ω–∞—è –±–∞–∑–∞ —É–≤–µ–ª–∏—á–∏–ª–∞—Å—å –¥–æ 40 –º–º.</p>\r\n<p>–î–≤–µ –¥–≤–µ—Ä–∏ Estima —Å–Ω–∞–±–∂–µ–Ω—ã –º–µ—Ö–∞–Ω–∏–∑–º–æ–º &laquo;easy closer&raquo;, –∑–∞–¥–Ω–∏–µ –¥–≤–µ—Ä–∏ –æ—Ç—Ä—ã–≤–∞—é—Ç—Å—è, —Å–∫–æ–ª—å–∑—è –≤–¥–æ–ª—å –∫–æ—Ä–ø—É—Å–∞. –í –ø–µ—Ä–µ–¥–Ω–µ–π –ø–∞—Å—Å–∞–∂–∏—Ä—Å–∫–æ–π –¥–≤–µ—Ä–∏ —É—Å—Ç–∞–Ω–æ–≤–ª–µ–Ω–∏–∏ –º–µ—Ö–∞–Ω–∏–∑–º –∞–≤—Ç–æ–º–∞—Ç–∏—á–µ—Å–∫–æ–≥–æ –æ—Ç–∫—Ä—ã—Ç–∏—è –∏ –∑–∞–∫—Ä—ã—Ç–∏—è. –í—Ç–æ—Ä–æ–µ –ø–æ–∫–æ–ª–µ–Ω–∏–µ Estima —Å –ø–µ—Ä–≤—ã–º —Ä–æ–¥–Ω–∏—Ç –≤–æ–∑–º–æ–∂–Ω–æ—Å—Ç—å —Ä–∞–∑–º–µ—Å—Ç–∏—Ç—å –≤–æ—Å–µ–º—å —á–µ–ª–æ–≤–µ–∫ –≤ —Å–∞–ª–æ–Ω–µ –ø–æ –º–æ–¥–µ–ª–∏ &laquo;2-3-3&raquo;.</p>";}', 8, 1, '–∞–≤—Ç–æ, –º–∏–Ω–∏–≤—ç–Ω, —Ç–æ–π–æ—Ç–∞', 0, '', '', 0, 1, 0, 0),
(6, 2, 'Mitsubishi Eterna!', '2008-06-03 10:54:00', 1, '7afbfacf9a4c4a9d64e0da2b31b880e5.jpg', 'a:4:{i:0;s:5:"—Å–µ–¥–∞–Ω";i:1;s:9:"1.8 –ª–∏—Ç—Ä–∞";i:2;s:4:"1992";i:3;s:0:"";}', 11, 1, '', 0, '–û–ø–∏—Å–∞–Ω–∏–µ', '–ö–ª—é—á–µ–≤—ã–µ —Å–ª–æ–≤–∞', 0, 1, 0, 0),
(7, 2, 'Subaru Domingo', '2008-06-03 13:51:24', 1, 'db0297daef1de808feed34a75b5ea49b.jpg', 'a:4:{i:0;s:7:"–º–∏–Ω–∏–≤—ç–Ω";i:1;s:9:"1.2 –ª–∏—Ç—Ä–∞";i:2;s:4:"1991";i:3;s:0:"";}', 32, 1, '–∞–≤—Ç–æ, –º–∏–Ω–∏–≤—ç–Ω', 0, '', '', 0, 1, 0, 0);

-- --------------------------------------------------------

--
-- –°—Ç—Ä—É–∫—Ç—É—Ä–∞ —Ç–∞–±–ª–∏—Ü—ã `cms_uc_ratings`
--

DROP TABLE IF EXISTS `cms_uc_ratings`;
CREATE TABLE `cms_uc_ratings` (
  `id` int(11) NOT NULL AUTO_INCREMENT,
  `item_id` int(11) NOT NULL,
  `points` int(11) NOT NULL,
  `ip` varchar(16) NOT NULL,
  PRIMARY KEY (`id`)
) ENGINE=MyISAM DEFAULT CHARSET=cp1251;

--
-- –î–∞–º–ø –¥–∞–Ω–Ω—ã—Ö —Ç–∞–±–ª–∏—Ü—ã `cms_uc_ratings`
--


-- --------------------------------------------------------

--
-- –°—Ç—Ä—É–∫—Ç—É—Ä–∞ —Ç–∞–±–ª–∏—Ü—ã `cms_uc_tags`
--

DROP TABLE IF EXISTS `cms_uc_tags`;
CREATE TABLE `cms_uc_tags` (
  `id` int(11) NOT NULL AUTO_INCREMENT,
  `tag` varchar(200) NOT NULL,
  `item_id` int(11) NOT NULL,
  PRIMARY KEY (`id`)
) ENGINE=MyISAM DEFAULT CHARSET=cp1251;

--
-- –î–∞–º–ø –¥–∞–Ω–Ω—ã—Ö —Ç–∞–±–ª–∏—Ü—ã `cms_uc_tags`
--


-- --------------------------------------------------------

--
-- –°—Ç—Ä—É–∫—Ç—É—Ä–∞ —Ç–∞–±–ª–∏—Ü—ã `cms_upload_images`
--

DROP TABLE IF EXISTS `cms_upload_images`;
CREATE TABLE `cms_upload_images` (
  `id` int(11) NOT NULL AUTO_INCREMENT,
  `post_id` int(11) NOT NULL,
  `session_id` varchar(50) NOT NULL,
  `fileurl` varchar(250) NOT NULL,
  `target` varchar(25) NOT NULL DEFAULT 'forum',
  PRIMARY KEY (`id`)
) ENGINE=MyISAM DEFAULT CHARSET=cp1251;

--
-- –î–∞–º–ø –¥–∞–Ω–Ω—ã—Ö —Ç–∞–±–ª–∏—Ü—ã `cms_upload_images`
--


-- --------------------------------------------------------

--
-- –°—Ç—Ä—É–∫—Ç—É—Ä–∞ —Ç–∞–±–ª–∏—Ü—ã `cms_users`
--

DROP TABLE IF EXISTS `cms_users`;
CREATE TABLE `cms_users` (
  `id` int(11) NOT NULL AUTO_INCREMENT,
  `group_id` int(11) NOT NULL DEFAULT '1',
  `login` varchar(100) NOT NULL,
  `nickname` varchar(100) NOT NULL,
  `password` varchar(100) NOT NULL,
  `email` varchar(100) NOT NULL,
  `icq` varchar(15) NOT NULL,
  `regdate` datetime NOT NULL DEFAULT '0000-00-00 00:00:00',
  `logdate` datetime NOT NULL DEFAULT '0000-00-00 00:00:00',
  `birthdate` date NOT NULL DEFAULT '0000-00-00',
  `is_locked` int(11) NOT NULL,
  `is_deleted` int(11) NOT NULL,
  `rating` int(11) NOT NULL,
  `points` int(11) NOT NULL,
  `last_ip` varchar(15) NOT NULL,
  `status` varchar(255) NOT NULL,
  `status_date` datetime NOT NULL,
  `invited_by` int(11) DEFAULT NULL,
  `invdate` datetime DEFAULT NULL,
  PRIMARY KEY (`id`)
) ENGINE=MyISAM  DEFAULT CHARSET=cp1251 ROW_FORMAT=DYNAMIC;

--
-- –î–∞–º–ø –¥–∞–Ω–Ω—ã—Ö —Ç–∞–±–ª–∏—Ü—ã `cms_users`
--

INSERT INTO `cms_users` (`id`, `group_id`, `login`, `nickname`, `password`, `email`, `icq`, `regdate`, `logdate`, `birthdate`, `is_locked`, `is_deleted`, `rating`, `points`, `last_ip`, `status`, `status_date`, `invited_by`, `invdate`) VALUES
(1, 2, 'admin', '–ê–¥–º–∏–Ω–∏—Å—Ç—Ä–∞—Ç–æ—Ä', '2ca41752ccf4dbdb76d8fe88c488fd44', 'admin@cms.ru', '100200300', '2007-11-23 12:41:57', '2011-03-28 15:14:59', '1980-10-23', 0, 0, 32, 0, '127.0.0.1', '–°–∞–º—ã–π –¥–ª–∏–Ω–Ω—ã–π —Å—Ç–∞—Ç—É—Å –∏–∑ –≤—Å–µ—Ö —á—Ç–æ —Å—É—â–µ—Å—Ç–≤—É—é—Ç –≤ —ç—Ç–æ–º –ø—Ä–µ–∫—Ä–∞—Å–Ω–æ–º –º–∏—Ä–µ', '2010-10-21 02:06:53', 0, '2010-11-09 23:25:59'),
(2, 1, 'vasya', '–í–∞—Å–∏–ª–∏–π', '2ca41752ccf4dbdb76d8fe88c488fd44', 'vasya@cms.ru', '100200300', '2008-07-16 16:31:48', '2011-03-28 15:14:54', '1980-01-01', 0, 0, 7, 0, '127.0.0.1', 'I love InstantCMS', '2010-11-13 23:09:34', 0, '2010-11-02 13:50:04'),
(3, 7, 'fedor', '–§–µ–¥–æ—Ä', '2ca41752ccf4dbdb76d8fe88c488fd44', 'fedor@cms.com', '100334564', '2010-10-20 17:33:42', '2011-03-19 14:46:50', '1979-10-20', 0, 0, 0, 0, '127.0.0.1', 'We are all made of stars (c) Moby', '2010-10-28 15:44:45', NULL, NULL),
(4, 9, 'Sidor', 'Sidor', '2ca41752ccf4dbdb76d8fe88c488fd44', 'sidor@sidorov.ru', '', '2011-03-18 14:47:04', '2011-03-18 14:47:17', '1980-01-01', 0, 0, 0, 0, '127.0.0.1', '', '0000-00-00 00:00:00', 0, NULL);

-- --------------------------------------------------------

--
-- –°—Ç—Ä—É–∫—Ç—É—Ä–∞ —Ç–∞–±–ª–∏—Ü—ã `cms_users_activate`
--

DROP TABLE IF EXISTS `cms_users_activate`;
CREATE TABLE `cms_users_activate` (
  `id` int(11) NOT NULL AUTO_INCREMENT,
  `pubdate` datetime NOT NULL,
  `user_id` int(11) NOT NULL,
  `code` varchar(50) NOT NULL,
  PRIMARY KEY (`id`)
) ENGINE=MyISAM DEFAULT CHARSET=cp1251;

--
-- –î–∞–º–ø –¥–∞–Ω–Ω—ã—Ö —Ç–∞–±–ª–∏—Ü—ã `cms_users_activate`
--


-- --------------------------------------------------------

--
-- –°—Ç—Ä—É–∫—Ç—É—Ä–∞ —Ç–∞–±–ª–∏—Ü—ã `cms_user_albums`
--

DROP TABLE IF EXISTS `cms_user_albums`;
CREATE TABLE `cms_user_albums` (
  `id` int(11) NOT NULL AUTO_INCREMENT,
  `user_id` int(11) NOT NULL,
  `title` varchar(100) NOT NULL,
  `pubdate` datetime NOT NULL,
  `allow_who` varchar(10) NOT NULL,
  `description` varchar(200) NOT NULL DEFAULT '',
  PRIMARY KEY (`id`),
  KEY `user_id` (`user_id`),
  KEY `allow_who` (`allow_who`)
) ENGINE=MyISAM  DEFAULT CHARSET=cp1251;

--
-- –î–∞–º–ø –¥–∞–Ω–Ω—ã—Ö —Ç–∞–±–ª–∏—Ü—ã `cms_user_albums`
--

INSERT INTO `cms_user_albums` (`id`, `user_id`, `title`, `pubdate`, `allow_who`, `description`) VALUES
(2, 3, '–ú–æ–π —Ñ–æ—Ç–æ–∞–ª—å–±–æ–º', '2010-10-22 20:28:51', 'all', ''),
(5, 1, '–ú–æ–∏ –∫–∞—Ä—Ç–∏–Ω–∫–∏', '2010-11-13 23:13:37', 'all', '');

-- --------------------------------------------------------

--
-- –°—Ç—Ä—É–∫—Ç—É—Ä–∞ —Ç–∞–±–ª–∏—Ü—ã `cms_user_autoawards`
--

DROP TABLE IF EXISTS `cms_user_autoawards`;
CREATE TABLE `cms_user_autoawards` (
  `id` int(11) NOT NULL AUTO_INCREMENT,
  `title` varchar(200) NOT NULL,
  `description` varchar(200) NOT NULL,
  `imageurl` varchar(200) NOT NULL,
  `p_comment` int(11) NOT NULL,
  `p_blog` int(11) NOT NULL,
  `p_forum` int(11) NOT NULL,
  `p_photo` int(11) NOT NULL,
  `p_privphoto` int(11) DEFAULT NULL,
  `p_content` int(11) NOT NULL,
  `p_karma` int(11) NOT NULL,
  `published` int(11) NOT NULL DEFAULT '1',
  PRIMARY KEY (`id`)
) ENGINE=MyISAM  DEFAULT CHARSET=cp1251;

--
-- –î–∞–º–ø –¥–∞–Ω–Ω—ã—Ö —Ç–∞–±–ª–∏—Ü—ã `cms_user_autoawards`
--

INSERT INTO `cms_user_autoawards` (`id`, `title`, `description`, `imageurl`, `p_comment`, `p_blog`, `p_forum`, `p_photo`, `p_privphoto`, `p_content`, `p_karma`, `published`) VALUES
(1, '–ú–µ–¥–∞–ª—å', '–ü–æ—á–µ—Ç–Ω—ã–π —á–ª–µ–Ω —Ñ–æ—Ä—É–º–∞', 'aw.gif', 0, 0, 100, 0, 0, 0, 0, 1),
(2, '–ì—Ä–∞–º–æ—Ç–∞', '–ü–æ—á–µ—Ç–Ω—ã–π –∫–æ–º–º–µ–Ω—Ç–∞—Ç–æ—Ä —Å–∞–π—Ç–∞', 'aw4.gif', 100, 5, 50, 0, 0, 0, 0, 1);

-- --------------------------------------------------------

--
-- –°—Ç—Ä—É–∫—Ç—É—Ä–∞ —Ç–∞–±–ª–∏—Ü—ã `cms_user_awards`
--

DROP TABLE IF EXISTS `cms_user_awards`;
CREATE TABLE `cms_user_awards` (
  `id` int(11) NOT NULL AUTO_INCREMENT,
  `user_id` int(11) NOT NULL,
  `pubdate` datetime NOT NULL,
  `title` varchar(250) NOT NULL,
  `description` text NOT NULL,
  `imageurl` varchar(100) NOT NULL,
  `from_id` int(11) NOT NULL,
  `award_id` int(11) NOT NULL,
  PRIMARY KEY (`id`)
) ENGINE=MyISAM  DEFAULT CHARSET=cp1251;

--
-- –î–∞–º–ø –¥–∞–Ω–Ω—ã—Ö —Ç–∞–±–ª–∏—Ü—ã `cms_user_awards`
--

INSERT INTO `cms_user_awards` (`id`, `user_id`, `pubdate`, `title`, `description`, `imageurl`, `from_id`, `award_id`) VALUES
(1, 2, '2010-10-27 21:46:44', '–ú–µ–¥–∞–ª—å –∑–∞ –∑–∞—Å–ª—É–≥–∏', '–í –±–ª–∞–≥–æ–¥–∞—Ä–Ω–æ—Å—Ç—å –æ—Ç –∞–¥–º–∏–Ω–∏—Å—Ç—Ä–∞—Ü–∏–∏', 'aw.gif', 1, 0);

-- --------------------------------------------------------

--
-- –°—Ç—Ä—É–∫—Ç—É—Ä–∞ —Ç–∞–±–ª–∏—Ü—ã `cms_user_clubs`
--

DROP TABLE IF EXISTS `cms_user_clubs`;
CREATE TABLE `cms_user_clubs` (
  `user_id` int(11) NOT NULL,
  `club_id` int(11) NOT NULL,
  `role` varchar(20) NOT NULL DEFAULT 'guest',
  `pubdate` datetime NOT NULL
) ENGINE=MyISAM DEFAULT CHARSET=cp1251;

--
-- –î–∞–º–ø –¥–∞–Ω–Ω—ã—Ö —Ç–∞–±–ª–∏—Ü—ã `cms_user_clubs`
--

INSERT INTO `cms_user_clubs` (`user_id`, `club_id`, `role`, `pubdate`) VALUES
(2, 14, 'member', '0000-00-00 00:00:00');

-- --------------------------------------------------------

--
-- –°—Ç—Ä—É–∫—Ç—É—Ä–∞ —Ç–∞–±–ª–∏—Ü—ã `cms_user_files`
--

DROP TABLE IF EXISTS `cms_user_files`;
CREATE TABLE `cms_user_files` (
  `id` int(11) NOT NULL AUTO_INCREMENT,
  `user_id` int(11) NOT NULL,
  `filename` varchar(250) NOT NULL,
  `pubdate` datetime NOT NULL,
  `allow_who` varchar(50) NOT NULL,
  `filesize` int(11) NOT NULL,
  `hits` int(11) NOT NULL,
  PRIMARY KEY (`id`)
) ENGINE=MyISAM DEFAULT CHARSET=cp1251;

--
-- –î–∞–º–ø –¥–∞–Ω–Ω—ã—Ö —Ç–∞–±–ª–∏—Ü—ã `cms_user_files`
--


-- --------------------------------------------------------

--
-- –°—Ç—Ä—É–∫—Ç—É—Ä–∞ —Ç–∞–±–ª–∏—Ü—ã `cms_user_friends`
--

DROP TABLE IF EXISTS `cms_user_friends`;
CREATE TABLE `cms_user_friends` (
  `id` int(11) NOT NULL AUTO_INCREMENT,
  `to_id` int(11) NOT NULL,
  `from_id` int(11) NOT NULL,
  `logdate` datetime NOT NULL,
  `is_accepted` int(11) NOT NULL,
  PRIMARY KEY (`id`)
) ENGINE=MyISAM  DEFAULT CHARSET=cp1251;

--
-- –î–∞–º–ø –¥–∞–Ω–Ω—ã—Ö —Ç–∞–±–ª–∏—Ü—ã `cms_user_friends`
--

INSERT INTO `cms_user_friends` (`id`, `to_id`, `from_id`, `logdate`, `is_accepted`) VALUES
(1, 2, 1, '2010-10-08 17:53:22', 1),
(2, 3, 2, '2010-10-21 01:22:27', 1),
(11, 3, 1, '2010-11-13 23:18:19', 1);

-- --------------------------------------------------------

--
-- –°—Ç—Ä—É–∫—Ç—É—Ä–∞ —Ç–∞–±–ª–∏—Ü—ã `cms_user_groups`
--

DROP TABLE IF EXISTS `cms_user_groups`;
CREATE TABLE `cms_user_groups` (
  `id` int(11) NOT NULL AUTO_INCREMENT,
  `title` varchar(200) NOT NULL,
  `alias` varchar(100) NOT NULL,
  `is_admin` int(11) NOT NULL,
  `access` text NOT NULL,
  PRIMARY KEY (`id`)
) ENGINE=MyISAM  DEFAULT CHARSET=cp1251;

--
-- –î–∞–º–ø –¥–∞–Ω–Ω—ã—Ö —Ç–∞–±–ª–∏—Ü—ã `cms_user_groups`
--

INSERT INTO `cms_user_groups` (`id`, `title`, `alias`, `is_admin`, `access`) VALUES
(1, '–ü–æ–ª—å–∑–æ–≤–∞—Ç–µ–ª–∏', 'registered', 0, 'comments/add, comments/bbcode, comments/delete, content/add, board/autoadd'),
(2, '–ê–¥–º–∏–Ω–∏—Å—Ç—Ä–∞—Ç–æ—Ä—ã', 'admin', 1, 'admin/content, admin/com_rssfeed, admin/com_arhive, admin/com_banners, admin/com_blog, admin/com_faq, admin/com_board, admin/com_content, admin/com_clubs, admin/com_comments, admin/com_forms, admin/com_photos'),
(8, '–ì–æ—Å—Ç–∏', 'guest', 0, 'comments/add'),
(7, '–†–µ–¥–∞–∫—Ç–æ—Ä—ã', 'editors', 0, 'comments/add, comments/bbcode, comments/delete, content/add, content/autoadd, content/delete'),
(9, '–ú–æ–¥–µ—Ä–∞—Ç–æ—Ä—ã', 'moderators', 0, 'comments/add, comments/bbcode, comments/delete, comments/moderate, forum/moderate, content/add');

-- --------------------------------------------------------

--
-- –°—Ç—Ä—É–∫—Ç—É—Ä–∞ —Ç–∞–±–ª–∏—Ü—ã `cms_user_invites`
--

DROP TABLE IF EXISTS `cms_user_invites`;
CREATE TABLE `cms_user_invites` (
  `id` int(11) NOT NULL AUTO_INCREMENT,
  `code` varchar(32) NOT NULL,
  `owner_id` int(11) NOT NULL,
  `createdate` datetime NOT NULL,
  `is_used` tinyint(4) NOT NULL DEFAULT '0',
  `is_sended` tinyint(4) NOT NULL DEFAULT '0',
  PRIMARY KEY (`id`),
  KEY `code` (`code`,`owner_id`,`is_used`)
) ENGINE=MyISAM DEFAULT CHARSET=cp1251;

--
-- –î–∞–º–ø –¥–∞–Ω–Ω—ã—Ö —Ç–∞–±–ª–∏—Ü—ã `cms_user_invites`
--


-- --------------------------------------------------------

--
-- –°—Ç—Ä—É–∫—Ç—É—Ä–∞ —Ç–∞–±–ª–∏—Ü—ã `cms_user_karma`
--

DROP TABLE IF EXISTS `cms_user_karma`;
CREATE TABLE `cms_user_karma` (
  `id` int(11) NOT NULL AUTO_INCREMENT,
  `user_id` int(11) NOT NULL,
  `sender_id` int(11) NOT NULL,
  `points` smallint(6) NOT NULL,
  `senddate` datetime NOT NULL,
  PRIMARY KEY (`id`)
) ENGINE=MyISAM DEFAULT CHARSET=cp1251;

--
-- –î–∞–º–ø –¥–∞–Ω–Ω—ã—Ö —Ç–∞–±–ª–∏—Ü—ã `cms_user_karma`
--


-- --------------------------------------------------------

--
-- –°—Ç—Ä—É–∫—Ç—É—Ä–∞ —Ç–∞–±–ª–∏—Ü—ã `cms_user_msg`
--

DROP TABLE IF EXISTS `cms_user_msg`;
CREATE TABLE `cms_user_msg` (
  `id` int(11) NOT NULL AUTO_INCREMENT,
  `to_id` int(11) NOT NULL,
  `from_id` int(11) NOT NULL,
  `senddate` datetime NOT NULL,
  `is_new` int(11) NOT NULL DEFAULT '1',
  `message` text NOT NULL,
  `to_del` tinyint(4) NOT NULL DEFAULT '0',
  `from_del` tinyint(4) NOT NULL DEFAULT '0',
  PRIMARY KEY (`id`)
) ENGINE=MyISAM  DEFAULT CHARSET=cp1251;

--
-- –î–∞–º–ø –¥–∞–Ω–Ω—ã—Ö —Ç–∞–±–ª–∏—Ü—ã `cms_user_msg`
--

INSERT INTO `cms_user_msg` (`id`, `to_id`, `from_id`, `senddate`, `is_new`, `message`, `to_del`, `from_del`) VALUES
(1, 4, -2, '2011-03-18 14:47:04', 0, '<h2>–ü—Ä–∏–≤–µ—Ç!</h2>\n<p><span style="font-size: medium;">–ú—ã –æ—á–µ–Ω—å <span style="color: rgb(51, 153, 102);">—Ä–∞–¥—ã</span> —á—Ç–æ —Ç—ã –∑–∞—Ä–µ–≥–∏—Å—Ç—Ä–∏—Ä–æ–≤–∞–ª—Å—è!</span></p>', 0, 0),
(2, 2, 1, '2011-03-19 19:40:25', 0, 'qwe', 1, 0),
(3, 2, 1, '2011-03-19 19:41:48', 0, 'hello vasya', 1, 0),
(5, 2, 1, '2011-03-28 14:39:38', 0, 'hello my friend', 1, 0);

-- --------------------------------------------------------

--
-- –°—Ç—Ä—É–∫—Ç—É—Ä–∞ —Ç–∞–±–ª–∏—Ü—ã `cms_user_photos`
--

DROP TABLE IF EXISTS `cms_user_photos`;
CREATE TABLE `cms_user_photos` (
  `id` int(11) NOT NULL AUTO_INCREMENT,
  `user_id` int(11) NOT NULL,
  `album_id` int(11) NOT NULL,
  `pubdate` datetime NOT NULL,
  `title` varchar(250) NOT NULL,
  `description` text NOT NULL,
  `allow_who` varchar(15) NOT NULL DEFAULT 'all',
  `hits` int(11) NOT NULL,
  `imageurl` varchar(250) NOT NULL,
  PRIMARY KEY (`id`),
  KEY `album_id` (`album_id`)
) ENGINE=MyISAM  DEFAULT CHARSET=cp1251;

--
-- –î–∞–º–ø –¥–∞–Ω–Ω—ã—Ö —Ç–∞–±–ª–∏—Ü—ã `cms_user_photos`
--

INSERT INTO `cms_user_photos` (`id`, `user_id`, `album_id`, `pubdate`, `title`, `description`, `allow_who`, `hits`, `imageurl`) VALUES
(6, 1, 5, '2010-11-13 00:00:00', '–ì–æ—Ä–Ω—ã–π –ø–µ–π–∑–∞–∂', '–ö—Ä–∞—Å–∏–≤—ã–π –≤–∏–¥ —Å –±–æ–ª—å—à–æ–π –≤—ã—Å–æ—Ç—ã', 'all', 5, 'b22c5c0f95c1fb9398578fd5e396c7dd.jpg'),
(7, 1, 5, '2010-11-13 00:00:00', '–í–æ—Å—Ö–æ–¥ –≤ –∫–æ—Å–º–æ—Å–µ', '–í–∏–¥ –Ω–∞ –Ω–∞—à—É –ø–ª–∞–Ω–µ—Ç—É', 'all', 3, 'efe8d13779cd84cfeb319d9f0875a511.jpg');

-- --------------------------------------------------------

--
-- –°—Ç—Ä—É–∫—Ç—É—Ä–∞ —Ç–∞–±–ª–∏—Ü—ã `cms_user_profiles`
--

DROP TABLE IF EXISTS `cms_user_profiles`;
CREATE TABLE `cms_user_profiles` (
  `id` int(11) NOT NULL AUTO_INCREMENT,
  `user_id` int(11) NOT NULL,
  `city` varchar(250) NOT NULL,
  `description` text NOT NULL,
  `showmail` int(11) NOT NULL,
  `showbirth` int(11) NOT NULL DEFAULT '1',
  `showicq` int(11) NOT NULL DEFAULT '1',
  `karma` int(11) NOT NULL,
  `imageurl` varchar(250) NOT NULL,
  `allow_who` varchar(35) NOT NULL DEFAULT 'all',
  `signature` varchar(240) NOT NULL,
  `gender` varchar(1) NOT NULL,
  `formsdata` text NOT NULL,
  `email_newmsg` int(11) NOT NULL DEFAULT '1',
  `cm_subscribe` varchar(4) NOT NULL,
  `stats` text NOT NULL,
  PRIMARY KEY (`id`)
) ENGINE=MyISAM  DEFAULT CHARSET=cp1251 ROW_FORMAT=DYNAMIC;

--
-- –î–∞–º–ø –¥–∞–Ω–Ω—ã—Ö —Ç–∞–±–ª–∏—Ü—ã `cms_user_profiles`
--

INSERT INTO `cms_user_profiles` (`id`, `user_id`, `city`, `description`, `showmail`, `showbirth`, `showicq`, `karma`, `imageurl`, `allow_who`, `signature`, `gender`, `formsdata`, `email_newmsg`, `cm_subscribe`, `stats`) VALUES
(1, 1, '–ú–æ—Å–∫–≤–∞', '–†.–•–∞–π–Ω–ª–∞–π–Ω, –ê.–ê–∑–∏–º–æ–≤, –ê.–ö–ª–∞—Ä–∫', 1, 1, 1, 0, '', 'all', '', 'm', '---\n22: –†.–•–∞–π–Ω–ª–∞–π–Ω, –ê.–ê–∑–∏–º–æ–≤, –ê.–ö–ª–∞—Ä–∫\n24: –í—ã—Å—à–µ–µ\n', 1, 'none', '---\ncount: \n  comments: 1\n  forum: 1\n  photos: 2\n  board: 2\n  files_public: 0\n  files_private: 0\nrating: 0\n'),
(2, 2, '–ú–æ—Å–∫–≤–∞', '–∂–∏–≤–æ–ø–∏—Å—å, ‚Äô–º—É–∑—ã–∫–∞‚Äô, –≤—Å—è–∫–∞—è "–≤—Å—è—á–∏–Ω–∞" –æ–¥–Ω–∞–∫–æ', 0, 0, 1, 0, '165e5d6b2786dc6d0a538146de38b480.jpg', 'all', '', 'm', '---\n22: ‚Äô–º—É–∑—ã–∫–∞‚Äô, –≤—Å—è–∫–∞—è\n24: –í—ã—Å—à–µ–µ\n', 1, 'mail', '---\ncount: \n  comments: 1\n  forum: 0\n  photos: 0\n  board: 1\n  files_public: 0\n  files_private: 0\nrating: 0\n'),
(3, 3, '', '', 0, 0, 1, 0, 'a946f7701b178eedbbdae7a57ba7e0be.jpg', 'all', '', '', '', 1, '', '---\ncount: \n  comments: 0\n  forum: 0\n  photos: 0\n  board: 0\n  files_public: 0\n  files_private: 0\nrating: 0\n'),
(4, 4, '', '', 0, 0, 1, 0, '', 'all', '', '', '', 1, '', '');

-- --------------------------------------------------------

--
-- –°—Ç—Ä—É–∫—Ç—É—Ä–∞ —Ç–∞–±–ª–∏—Ü—ã `cms_user_wall`
--

DROP TABLE IF EXISTS `cms_user_wall`;
CREATE TABLE `cms_user_wall` (
  `id` int(11) NOT NULL AUTO_INCREMENT,
  `user_id` int(11) NOT NULL,
  `author_id` int(11) NOT NULL,
  `pubdate` datetime NOT NULL,
  `content` text NOT NULL,
  `usertype` varchar(8) NOT NULL DEFAULT 'user',
  PRIMARY KEY (`id`)
) ENGINE=MyISAM  DEFAULT CHARSET=cp1251;

--
-- –î–∞–º–ø –¥–∞–Ω–Ω—ã—Ö —Ç–∞–±–ª–∏—Ü—ã `cms_user_wall`
--

INSERT INTO `cms_user_wall` (`id`, `user_id`, `author_id`, `pubdate`, `content`, `usertype`) VALUES
(6, 1, 1, '2010-10-22 20:52:56', '—Å–ø–∞—Å–∏–±–æ —á—Ç–æ –∑–∞–≥–ª—è–Ω—É–ª–∏ –≤ –º–æ–π –ø—Ä–æ—Ñ–∏–ª—å', 'user'),
(7, 3, 2, '2010-10-28 16:12:16', '—Ç–∞–∫ —Ä–∞–¥ —Ç–µ–±—è –∑–¥–µ—Å—å –≤–∏–¥–µ—Ç—å!', 'user'),
(9, 2, 1, '2010-11-09 17:24:05', '–°–∞–º—ã–π –¥–ª–∏–Ω–Ω—ã–π —Å—Ç–∞—Ç—É—Å –∏–∑ –≤—Å–µ—Ö', 'user');
